number,value,datetime_start,datetime_complete,duration,params_rf__ccp_alpha,params_rf__max_features,params_rf__min_samples_leaf,params_rf__n_estimators,user_attrs_mean_fit_time,user_attrs_mean_score_time,user_attrs_mean_test_score,user_attrs_split0_test_score,user_attrs_split1_test_score,user_attrs_split2_test_score,user_attrs_std_fit_time,user_attrs_std_score_time,user_attrs_std_test_score,state
0,0.902151882503574,2023-09-03 22:20:27.190123,2023-09-03 22:26:35.936551,0 days 00:06:08.746428,0.01,8,11,300,121.98849439620972,0.89312744140625,0.902151882503574,0.8985155997587956,0.8972276838244018,0.9107123639275249,7.747117976882348,0.3262547054922828,0.006075967057233018,COMPLETE
1,0.9031689896717986,2023-09-03 22:20:27.199129,2023-09-03 22:24:08.601699,0 days 00:03:41.402570,0.01,6,41,300,72.85879627863567,0.9108697573343912,0.9031689896717986,0.8957106442954373,0.9008518800744931,0.9129444446454653,1.8323691997747031,0.5146435901045886,0.007223928584484571,COMPLETE
2,0.9046014988286775,2023-09-03 22:20:27.207121,2023-09-03 22:28:31.746219,0 days 00:08:04.539098,0.0075,8,41,500,160.2070196469625,1.268150011698405,0.9046014988286775,0.9023007718893823,0.898712075164262,0.9127916494323884,8.766907547875373,0.27796877197758624,0.005973754332066304,COMPLETE
3,0.9031701897566694,2023-09-03 22:20:27.216121,2023-09-03 22:26:32.067219,0 days 00:06:04.851098,0.01,7,1,300,120.6228175163269,0.952843189239502,0.9031701897566694,0.8997602880137874,0.898556086632587,0.9111941946236339,6.990033210593008,0.19683420340710348,0.0056950865267306585,COMPLETE
4,0.9038561663153382,2023-09-03 22:20:27.219124,2023-09-03 22:28:39.960490,0 days 00:08:12.741366,0.01,7,41,500,162.9983580907186,1.2115790843963623,0.9038561663153382,0.8998310021138468,0.9003322281173641,0.9114052687148035,15.91430622167537,0.26884804352291847,0.005341942041047178,COMPLETE
5,0.9037876043927944,2023-09-03 22:20:27.236658,2023-09-03 22:26:01.626261,0 days 00:05:34.389603,0.01,5,21,500,110.56204017003377,0.8738142649332682,0.9037876043927944,0.8969393060851616,0.9020481254189716,0.9123753816742499,4.3946722315510796,0.17673186923314832,0.006420667033016157,COMPLETE
6,0.9267437592049093,2023-09-03 22:20:27.242672,2023-09-03 22:21:33.539584,0 days 00:01:06.296912,0.0,4,11,100,21.665969371795654,0.38480981190999347,0.9267437592049093,0.9217918696567837,0.9240469286404793,0.9343924793174647,3.1767479141371084,0.013475449804466093,0.00548625629946593,COMPLETE
7,0.9060585944450127,2023-09-03 22:20:27.246678,2023-09-03 22:24:17.989547,0 days 00:03:50.742869,0.0075,5,21,300,75.72135718663533,1.1649312178293865,0.9060585944450127,0.898876922056495,0.9046925683064926,0.9146062929720505,2.5477280957111397,0.7480059214770169,0.006493730202183277,COMPLETE
8,0.9000141939269692,2023-09-03 22:21:33.556593,2023-09-03 22:23:08.274650,0 days 00:01:34.718057,0.0025,8,51,100,31.224221229553223,0.3357836405436198,0.9000141939269692,0.9009071537549515,0.8858857392915457,0.9132496887344108,1.2485585395356569,0.02150610352441921,0.011189115699902656,COMPLETE
9,0.913216413299176,2023-09-03 22:23:08.296196,2023-09-03 22:26:21.358445,0 days 00:03:13.062249,0.005,3,51,500,63.03508265813192,1.2818178335825603,0.913216413299176,0.901780820562448,0.9131591484266761,0.924709270908404,4.7710702870706285,0.7252597033921384,0.009360588238850505,COMPLETE
10,0.9104948583709418,2023-09-03 22:24:08.611697,2023-09-03 22:28:05.449831,0 days 00:03:56.838134,0.0025,6,41,300,78.24110857645671,0.6857590675354004,0.9104948583709418,0.9056491070439732,0.9064700479758612,0.9193654200929909,6.08269131983091,0.08896893118163311,0.006281381745652536,COMPLETE
11,0.9250472276176737,2023-09-03 22:24:18.000547,2023-09-03 22:30:26.313330,0 days 00:06:08.312783,0.0,5,51,500,121.58368515968323,1.1728943983713787,0.9250472276176737,0.9174290888164882,0.9228886292307891,0.9348239648057434,10.49629358836042,0.03888399611595774,0.007263611953534164,COMPLETE
12,0.9005929114294461,2023-09-03 22:26:01.658794,2023-09-03 22:27:32.008930,0 days 00:01:30.350136,0.01,6,31,100,29.713420550028484,0.388622522354126,0.9005929114294461,0.894906945239138,0.8978217031989977,0.9090500858502024,3.3398622907023103,0.06638512330261157,0.006097365708700937,COMPLETE
13,0.8979449828892774,2023-09-03 22:26:21.363979,2023-09-03 22:28:22.265106,0 days 00:02:00.901127,0.005,8,21,100,39.78784076372782,0.5015365282694498,0.8979449828892774,0.9015104926779149,0.8825259219938059,0.9097985339961112,1.7892040019937103,0.2194835730592288,0.011415880354334641,COMPLETE
14,0.909758171105859,2023-09-03 22:26:32.186764,2023-09-03 22:33:28.611100,0 days 00:06:56.424336,0.0025,8,1,300,137.01274784406027,1.7826958497365315,0.909758171105859,0.906859468745927,0.9032940033594736,0.9191210412121762,10.12107506963627,1.5107850940598386,0.006778674321051575,COMPLETE
15,0.9244045408034842,2023-09-03 22:26:35.948548,2023-09-03 22:30:45.493082,0 days 00:04:09.544534,0.0,3,41,500,80.90487400690715,2.2584630648295083,0.9244045408034842,0.9152191005464266,0.9232867996842747,0.9347077221797513,5.909965553277895,0.5482633477388446,0.007995357077658723,COMPLETE
16,0.8986915956301621,2023-09-03 22:27:32.015929,2023-09-03 22:29:08.039471,0 days 00:01:36.023542,0.01,7,41,100,31.334659099578857,0.6601871649424235,0.8986915956301621,0.8958336283381295,0.8922737256419007,0.9079674329104559,0.7586698208485971,0.45592492902853327,0.006718089745332948,COMPLETE
17,0.9165569507237876,2023-09-03 22:28:05.459828,2023-09-03 22:29:05.748754,0 days 00:01:00.288926,0.0,3,1,100,19.486236731211346,0.5460425217946371,0.9165569507237876,0.9128733474319686,0.9143716503504743,0.9224258543889199,0.20778938291028295,0.16150235334637142,0.0041947785465467425,COMPLETE
18,0.9222960580582535,2023-09-03 22:28:22.272108,2023-09-03 22:32:41.060580,0 days 00:04:18.788472,0.0,3,1,500,84.2727456887563,1.931046724319458,0.9222960580582535,0.9156594196053288,0.9217518223941585,0.9294769321752733,1.706243954059729,0.5372712539379356,0.005654087474190565,COMPLETE
19,0.9222960580582535,2023-09-03 22:28:31.770224,2023-09-03 22:32:47.252104,0 days 00:04:15.481880,0.0,3,1,500,83.48667025566101,1.6141077677408855,0.9222960580582535,0.9156594196053288,0.9217518223941585,0.9294769321752733,1.1690541668913204,0.5142411600728015,0.005654087474190565,COMPLETE
20,0.9222960580582535,2023-09-03 22:28:39.972487,2023-09-03 22:33:15.646200,0 days 00:04:35.673713,0.0,3,1,500,89.91263898213704,1.9082311789194744,0.9222960580582535,0.9156594196053288,0.9217518223941585,0.9294769321752733,0.8071112370531973,0.4402249777434927,0.005654087474190565,COMPLETE
21,0.9165569507237876,2023-09-03 22:29:05.759753,2023-09-03 22:30:06.963319,0 days 00:01:01.203566,0.0,3,1,100,19.85596211751302,0.49503858884175617,0.9165569507237876,0.9128733474319686,0.9143716503504743,0.9224258543889199,0.8387336744831801,0.04882828366386589,0.0041947785465467425,COMPLETE
22,0.9165569507237876,2023-09-03 22:29:08.056476,2023-09-03 22:30:09.509861,0 days 00:01:01.453385,0.0,3,1,100,19.189121802647907,1.2439819971720378,0.9165569507237876,0.9128733474319686,0.9143716503504743,0.9224258543889199,0.9247168886241968,0.35542730669900036,0.0041947785465467425,COMPLETE
23,0.9267437592049093,2023-09-03 22:30:06.975317,2023-09-03 22:31:12.291527,0 days 00:01:05.316210,0.0,4,11,100,21.09649348258972,0.6330626010894775,0.9267437592049093,0.9217918696567837,0.9240469286404793,0.9343924793174647,0.5197075120895152,0.22287596262707163,0.00548625629946593,COMPLETE
24,0.9170954502643566,2023-09-03 22:30:09.528862,2023-09-03 22:31:15.887489,0 days 00:01:06.358627,0.0025,4,11,100,21.19702895482381,0.8761544227600098,0.9170954502643566,0.9095945688968421,0.9182457904991173,0.9234459913971104,0.5074038243215453,0.2801566596525662,0.005713022452375303,COMPLETE
25,0.9180471191985031,2023-09-03 22:30:26.319328,2023-09-03 22:35:42.131654,0 days 00:05:15.812326,0.0025,4,11,500,103.92058444023132,1.313012679417928,0.9180471191985031,0.9095116559552032,0.9199398834428205,0.9246898181974855,2.134180635221554,0.4142010886735375,0.0063393516822403805,COMPLETE
26,0.9180844805324294,2023-09-03 22:30:45.499082,2023-09-03 22:33:58.162471,0 days 00:03:12.663389,0.0025,4,11,300,63.4655434290568,0.6957329114278158,0.9180844805324294,0.9095293821917739,0.9190127905623555,0.9257112688431591,1.333015244538959,0.020604564362684766,0.006638759097568136,COMPLETE
27,0.9170954502643566,2023-09-03 22:31:12.302530,2023-09-03 22:32:17.685866,0 days 00:01:05.383336,0.0025,4,11,100,21.286271174748737,0.46498791376749676,0.9170954502643566,0.9095945688968421,0.9182457904991173,0.9234459913971104,1.0488854868913644,0.12955428238334996,0.005713022452375303,COMPLETE
28,0.9180844805324294,2023-09-03 22:31:15.904490,2023-09-03 22:34:13.821893,0 days 00:02:57.917403,0.0025,4,11,300,58.52469404538473,0.7365907828013102,0.9180844805324294,0.9095293821917739,0.9190127905623555,0.9257112688431591,1.236956354792607,0.1408909854155218,0.006638759097568136,COMPLETE
29,0.925426288802031,2023-09-03 22:32:17.693874,2023-09-03 22:34:59.195791,0 days 00:02:41.501917,0.0,4,31,300,53.02182157834371,0.7709378401438395,0.925426288802031,0.9186802724835477,0.9230722509005418,0.9345263430220039,1.9484507843572474,0.020273597916978654,0.006679850732297776,COMPLETE
30,0.9172389787336126,2023-09-03 22:32:41.068570,2023-09-03 22:35:25.359960,0 days 00:02:44.291390,0.0025,4,31,300,53.78185764948527,0.9388575553894043,0.9172389787336126,0.9054246044663432,0.9164908731663365,0.929801458568158,2.0999146853121773,0.42792619579521674,0.009965858398556984,COMPLETE
31,0.9172389787336126,2023-09-03 22:32:47.259103,2023-09-03 22:35:31.293619,0 days 00:02:44.034516,0.0025,4,31,300,53.61855491002401,1.006921370824178,0.9172389787336126,0.9054246044663432,0.9164908731663365,0.929801458568158,1.3046582590835094,0.5208766297237208,0.009965858398556984,COMPLETE
32,0.9172389787336126,2023-09-03 22:33:15.652194,2023-09-03 22:36:14.941929,0 days 00:02:59.289735,0.0025,4,31,300,58.655856211980186,1.0528545379638672,0.9172389787336126,0.9054246044663432,0.9164908731663365,0.929801458568158,1.5238684860975702,0.49838562352606763,0.009965858398556984,COMPLETE
33,0.9131346229782032,2023-09-03 22:33:28.616100,2023-09-03 22:36:27.099448,0 days 00:02:58.483348,0.005,4,31,300,58.284603913625084,1.1543201605478923,0.9131346229782032,0.9019342094834422,0.9128154364857666,0.9246542229654012,1.2994426048397452,0.7249927727364641,0.009278152228679157,COMPLETE
34,0.925658233787917,2023-09-03 22:33:58.170472,2023-09-03 22:35:13.564926,0 days 00:01:15.394454,0.0,5,31,100,24.666173378626507,0.42313194274902344,0.925658233787917,0.9189569945573821,0.9221306979818567,0.9358870088245125,1.2019454489105612,0.010043465983745909,0.007347969216891982,COMPLETE
35,0.925658233787917,2023-09-03 22:34:13.828892,2023-09-03 22:35:27.340371,0 days 00:01:13.511479,0.0,5,31,100,23.83152500788371,0.6207642555236816,0.925658233787917,0.9189569945573821,0.9221306979818567,0.9358870088245125,0.22538412010847494,0.2801991890239977,0.007347969216891982,COMPLETE
36,0.9087116350620391,2023-09-03 22:34:59.204800,2023-09-03 22:35:58.573487,0 days 00:00:59.368687,0.005,4,31,100,19.379260619481403,0.3567846616109212,0.9087116350620391,0.9007469375570035,0.9087337590769666,0.916654208552147,0.5625154997083743,0.0036658094836635596,0.006494135032589551,COMPLETE
37,0.9072467823490639,2023-09-03 22:35:13.570461,2023-09-03 22:36:30.502745,0 days 00:01:16.932284,0.005,5,31,100,24.99267093340556,0.5949134826660156,0.9072467823490639,0.8979419401143313,0.9046171308957289,0.9191812760371314,0.8335751050536151,0.2841208364977319,0.008868056821533002,COMPLETE
38,0.925658233787917,2023-09-03 22:35:25.367961,2023-09-03 22:36:35.689847,0 days 00:01:10.321886,0.0,5,31,100,23.0022451877594,0.38903260231018066,0.925658233787917,0.9189569945573821,0.9221306979818567,0.9358870088245125,0.20438706672764476,0.009764623910798314,0.007347969216891982,COMPLETE
39,0.9254778166501132,2023-09-03 22:35:27.353370,2023-09-03 22:36:41.717439,0 days 00:01:14.364069,0.0,5,21,100,24.036248842875164,0.7004098097483317,0.9254778166501132,0.9188167964858294,0.9223937868421916,0.9352228666223185,0.4158229655965826,0.20545239432945447,0.007043825391691702,COMPLETE
40,0.9254778166501132,2023-09-03 22:35:31.299622,2023-09-03 22:36:43.710252,0 days 00:01:12.410630,0.0,5,21,100,23.482051213582356,0.6099788347880045,0.9254778166501132,0.9188167964858294,0.9223937868421916,0.9352228666223185,0.5136601726111755,0.21563556748028914,0.007043825391691702,COMPLETE
41,0.9254778166501132,2023-09-03 22:35:42.143653,2023-09-03 22:36:58.485294,0 days 00:01:16.341641,0.0,5,21,100,24.812793652216595,0.5872403780619303,0.9254778166501132,0.9188167964858294,0.9223937868421916,0.9352228666223185,0.08441044288151185,0.23316348560439676,0.007043825391691702,COMPLETE
42,0.9028018225079575,2023-09-03 22:35:58.582489,2023-09-03 22:37:10.326247,0 days 00:01:11.743758,0.0075,5,21,100,23.216483275095623,0.6520795027414957,0.9028018225079575,0.8965368434667255,0.9028110784612493,0.9090575455958976,0.04955961633062392,0.2495571340038694,0.0051115594297870435,COMPLETE
43,0.9254778166501132,2023-09-03 22:36:14.965930,2023-09-03 22:37:31.619633,0 days 00:01:16.653703,0.0,5,21,100,24.912066141764324,0.5926423072814941,0.9254778166501132,0.9188167964858294,0.9223937868421916,0.9352228666223185,0.21333161135983217,0.26584688400919987,0.007043825391691702,COMPLETE
44,0.9254778166501132,2023-09-03 22:36:27.105445,2023-09-03 22:37:41.205356,0 days 00:01:14.099911,0.0,5,21,100,24.235322554906208,0.4111316204071045,0.9254778166501132,0.9188167964858294,0.9223937868421916,0.9352228666223185,0.5516240294883888,0.004325782827907587,0.007043825391691702,COMPLETE
45,0.9254778166501132,2023-09-03 22:36:30.508744,2023-09-03 22:37:43.896719,0 days 00:01:13.387975,0.0,5,21,100,23.992342948913574,0.4234665234883626,0.9254778166501132,0.9188167964858294,0.9223937868421916,0.9352228666223185,0.41781595879861216,0.04582451838383792,0.007043825391691702,COMPLETE
46,0.9254778166501132,2023-09-03 22:36:35.696867,2023-09-03 22:37:47.491006,0 days 00:01:11.794139,0.0,5,21,100,23.396252632141113,0.4920988082885742,0.9254778166501132,0.9188167964858294,0.9223937868421916,0.9352228666223185,0.7486636514859759,0.15621478132296768,0.007043825391691702,COMPLETE
47,0.9261375629980284,2023-09-03 22:36:41.727431,2023-09-03 22:38:05.430307,0 days 00:01:23.702876,0.0,6,21,100,27.28316919008891,0.5595645109812418,0.9261375629980284,0.918998116552585,0.9243564212420867,0.9350581511994138,0.6137999275277529,0.2597388770450214,0.00667635268093815,COMPLETE
48,0.9254778166501132,2023-09-03 22:36:43.730259,2023-09-03 22:37:55.487530,0 days 00:01:11.757271,0.0,5,21,100,23.33823871612549,0.5236736933390299,0.9254778166501132,0.9188167964858294,0.9223937868421916,0.9352228666223185,0.8051582953760261,0.1838740768342745,0.007043825391691702,COMPLETE
49,0.9261375629980284,2023-09-03 22:36:58.491294,2023-09-03 22:38:28.359884,0 days 00:01:29.868590,0.0,6,21,100,28.978212277094524,0.9310602347056071,0.9261375629980284,0.918998116552585,0.9243564212420867,0.9350581511994138,1.00178275023987,0.3886307371100876,0.00667635268093815,COMPLETE
50,0.9259094318274403,2023-09-03 22:37:10.334248,2023-09-03 22:38:26.555565,0 days 00:01:16.221317,0.0,6,41,100,24.91742928822835,0.4401671091715495,0.9259094318274403,0.9188248269780646,0.9239127363850272,0.9349907321192295,0.47469496675817086,0.04889166401482035,0.00674903532739312,COMPLETE
51,0.9259094318274403,2023-09-03 22:37:31.633633,2023-09-03 22:38:55.214186,0 days 00:01:23.580553,0.0,6,41,100,27.006128629048664,0.7912152608235677,0.9259094318274403,0.9188248269780646,0.9239127363850272,0.9349907321192295,1.0433250773121552,0.26477966104952827,0.00674903532739312,COMPLETE
52,0.9259094318274403,2023-09-03 22:37:41.211367,2023-09-03 22:39:02.103893,0 days 00:01:20.892526,0.0,6,41,100,26.1430770556132,0.7720768451690674,0.9259094318274403,0.9188248269780646,0.9239127363850272,0.9349907321192295,0.605576119684574,0.18914344193683588,0.00674903532739312,COMPLETE
53,0.9259094318274403,2023-09-03 22:37:43.902720,2023-09-03 22:39:05.373027,0 days 00:01:21.470307,0.0,6,41,100,26.2418794631958,0.8658657868703207,0.9259094318274403,0.9188248269780646,0.9239127363850272,0.9349907321192295,0.579968604222931,0.41963965535995285,0.00674903532739312,COMPLETE
54,0.9259094318274403,2023-09-03 22:37:47.497006,2023-09-03 22:39:04.719627,0 days 00:01:17.222621,0.0,6,41,100,24.91137758890788,0.7853120168050131,0.9259094318274403,0.9188248269780646,0.9239127363850272,0.9349907321192295,0.40623405733450535,0.29919189804281227,0.00674903532739312,COMPLETE
55,0.9259094318274403,2023-09-03 22:37:55.493534,2023-09-03 22:39:11.401225,0 days 00:01:15.907691,0.0,6,41,100,24.875237703323364,0.381807804107666,0.9259094318274403,0.9188248269780646,0.9239127363850272,0.9349907321192295,0.21647233396939547,0.01755825936889406,0.00674903532739312,COMPLETE
56,0.9271802236900043,2023-09-03 22:38:05.438831,2023-09-03 22:39:31.157361,0 days 00:01:25.718530,0.0,6,11,100,28.111499071121216,0.41216111183166504,0.9271802236900043,0.9193267577052439,0.927310904836353,0.9349030085284159,1.1155174549695148,0.012733706389973143,0.006359649130683244,COMPLETE
57,0.9094124630362049,2023-09-03 22:38:26.564566,2023-09-03 22:39:43.433522,0 days 00:01:16.868956,0.0025,6,41,100,25.225345849990845,0.3387907346089681,0.9094124630362049,0.90576248542368,0.9075296605073119,0.914945243177623,0.14628200475617056,0.017969443567688984,0.003978229842028154,COMPLETE
58,0.9259094318274403,2023-09-03 22:38:28.370883,2023-09-03 22:39:50.717397,0 days 00:01:22.346514,0.0,6,41,100,26.870805740356445,0.5156692663828532,0.9259094318274403,0.9188248269780646,0.9239127363850272,0.9349907321192295,0.9289408169481218,0.12049432112344333,0.00674903532739312,COMPLETE
59,0.9262256867037512,2023-09-03 22:38:55.220187,2023-09-03 22:40:13.547870,0 days 00:01:18.327683,0.0,6,51,100,25.637734810511272,0.4017980893452962,0.9262256867037512,0.9187251704210347,0.9239226466749689,0.9360292430152497,0.29118530320232744,0.0054533086224230875,0.007249631122436283,COMPLETE
60,0.9262256867037512,2023-09-03 22:39:02.115893,2023-09-03 22:40:20.550350,0 days 00:01:18.434457,0.0,6,51,100,25.70569046338399,0.39494848251342773,0.9262256867037512,0.9187251704210347,0.9239226466749689,0.9360292430152497,0.14104080333118488,0.03164596519910736,0.007249631122436283,COMPLETE
61,0.925692480983822,2023-09-03 22:39:04.729621,2023-09-03 22:40:28.887167,0 days 00:01:24.157546,0.0,7,51,100,27.437586069107056,0.5650525887807211,0.925692480983822,0.9181436875535715,0.9241767897998077,0.9347569655980869,0.29672086317716123,0.26147023881354187,0.006866500402682987,COMPLETE
62,0.925692480983822,2023-09-03 22:39:05.379027,2023-09-03 22:40:36.546853,0 days 00:01:31.167826,0.0,7,51,100,29.289132912953693,1.0376288096110027,0.925692480983822,0.9181436875535715,0.9241767897998077,0.9347569655980869,0.76702664246334,0.15278621733900677,0.006866500402682987,COMPLETE
63,0.9020306405606665,2023-09-03 22:39:11.407224,2023-09-03 22:40:34.443748,0 days 00:01:23.036524,0.0075,7,51,100,27.144500255584717,0.46997928619384766,0.9020306405606665,0.8992797533943688,0.8979247313079953,0.908887436979635,0.663727213880412,0.2034909534294386,0.004879942900077543,COMPLETE
64,0.9068840393131182,2023-09-03 22:39:31.162356,2023-09-03 22:41:09.553720,0 days 00:01:38.391364,0.0025,7,11,100,32.13537232081095,0.6080633004506429,0.9068840393131182,0.9045630017585606,0.9005593524150378,0.9155297637657565,1.062820374877424,0.228918973776211,0.006328175908831951,COMPLETE
65,0.9068840393131182,2023-09-03 22:39:43.440548,2023-09-03 22:41:19.829751,0 days 00:01:36.389203,0.0025,7,11,100,31.53081758817037,0.540223757425944,0.9068840393131182,0.9045630017585606,0.9005593524150378,0.9155297637657565,1.1035119064769765,0.3007995171229953,0.006328175908831951,COMPLETE
66,0.9004057751420587,2023-09-03 22:39:50.726400,2023-09-03 22:41:32.312795,0 days 00:01:41.586395,0.0075,7,11,100,33.321236530939736,0.4960464636484782,0.9004057751420587,0.8990806080638165,0.8929230383892405,0.909213678973119,0.8427417230949568,0.10553773091431012,0.006716313150194836,COMPLETE
67,0.9004057751420587,2023-09-03 22:40:13.553871,2023-09-03 22:42:00.370120,0 days 00:01:46.816249,0.0075,7,11,100,34.77461369832357,0.7767736117045084,0.9004057751420587,0.8990806080638165,0.8929230383892405,0.909213678973119,0.9530737900088169,0.26529988522540293,0.006716313150194836,COMPLETE
68,0.925692480983822,2023-09-03 22:40:20.557353,2023-09-03 22:41:52.813825,0 days 00:01:32.256472,0.0,7,51,100,29.62157964706421,1.0682164033253987,0.925692480983822,0.9181436875535715,0.9241767897998077,0.9347569655980869,1.3961049867192536,0.14120559570654334,0.006866500402682987,COMPLETE
69,0.9020306405606665,2023-09-03 22:40:28.908167,2023-09-03 22:41:52.271093,0 days 00:01:23.362926,0.0075,7,51,100,27.277379592259724,0.4614078998565674,0.9020306405606665,0.8992797533943688,0.8979247313079953,0.908887436979635,1.0821528119187487,0.13614660974942208,0.004879942900077543,COMPLETE
70,0.9068840393131182,2023-09-03 22:40:34.449748,2023-09-03 22:42:11.731174,0 days 00:01:37.281426,0.0025,7,11,100,31.894920269648235,0.4816991488138835,0.9068840393131182,0.9045630017585606,0.9005593524150378,0.9155297637657565,0.36286780978252314,0.23737424424272746,0.006328175908831951,COMPLETE
71,0.9068840393131182,2023-09-03 22:40:36.555852,2023-09-03 22:42:20.294146,0 days 00:01:43.738294,0.0025,7,11,100,33.86166779200236,0.6370662848154703,0.9068840393131182,0.9045630017585606,0.9005593524150378,0.9155297637657565,0.3941010459630327,0.2272792455184299,0.006328175908831951,COMPLETE
72,0.9271802236900043,2023-09-03 22:41:09.559719,2023-09-03 22:42:35.773714,0 days 00:01:26.213995,0.0,6,11,100,28.156628847122192,0.5250090758005778,0.9271802236900043,0.9193267577052439,0.927310904836353,0.9349030085284159,0.5641170324864606,0.21051123740699396,0.006359649130683244,COMPLETE
73,0.9271802236900043,2023-09-03 22:41:19.835754,2023-09-03 22:42:45.058490,0 days 00:01:25.222736,0.0,6,11,100,27.937402884165447,0.42598827679951984,0.9271802236900043,0.9193267577052439,0.927310904836353,0.9349030085284159,0.3718568094797748,0.06854520981605525,0.006359649130683244,COMPLETE
74,0.9271802236900043,2023-09-03 22:41:32.320795,2023-09-03 22:43:03.280256,0 days 00:01:30.959461,0.0,6,11,100,29.571451743443806,0.7031892935434977,0.9271802236900043,0.9193267577052439,0.927310904836353,0.9349030085284159,0.6241963991189515,0.21362928098110015,0.006359649130683244,COMPLETE
75,0.9271802236900043,2023-09-03 22:41:52.278096,2023-09-03 22:43:18.522069,0 days 00:01:26.243973,0.0,6,11,100,28.304776589075725,0.3885194460550944,0.9271802236900043,0.9193267577052439,0.927310904836353,0.9349030085284159,0.7362392884654921,0.028610654367718258,0.006359649130683244,COMPLETE
76,0.9271802236900043,2023-09-03 22:41:52.823271,2023-09-03 22:43:23.789748,0 days 00:01:30.966477,0.0,6,11,100,29.525510390599568,0.7284629344940186,0.9271802236900043,0.9193267577052439,0.927310904836353,0.9349030085284159,0.4351131416987451,0.448669218175573,0.006359649130683244,COMPLETE
77,0.9271802236900043,2023-09-03 22:42:00.376119,2023-09-03 22:43:28.796240,0 days 00:01:28.420121,0.0,6,11,100,28.97320532798767,0.41113464037577313,0.9271802236900043,0.9193267577052439,0.927310904836353,0.9349030085284159,0.5380126933492944,0.014438404189440462,0.006359649130683244,COMPLETE
78,0.9262256867037512,2023-09-03 22:42:11.736174,2023-09-03 22:43:26.320087,0 days 00:01:14.583913,0.0,6,51,100,24.39212719599406,0.42398873964945477,0.9262256867037512,0.9187251704210347,0.9239226466749689,0.9360292430152497,1.3819425880900582,0.06834998124804714,0.007249631122436283,COMPLETE
79,0.9262256867037512,2023-09-03 22:42:20.301148,2023-09-03 22:43:39.663094,0 days 00:01:19.361946,0.0,6,51,100,25.84426760673523,0.5460228125254313,0.9262256867037512,0.9187251704210347,0.9239226466749689,0.9360292430152497,0.44687119509795115,0.23815162185706626,0.007249631122436283,COMPLETE
80,0.9271802236900043,2023-09-03 22:42:35.780718,2023-09-03 22:44:03.595958,0 days 00:01:27.815240,0.0,6,11,100,28.494571288426716,0.7101379235585531,0.9271802236900043,0.9193267577052439,0.927310904836353,0.9349030085284159,1.1291991246558797,0.3991599919465915,0.006359649130683244,COMPLETE
81,0.9271802236900043,2023-09-03 22:42:45.065490,2023-09-03 22:44:11.783621,0 days 00:01:26.718131,0.0,6,11,100,28.277132590611775,0.5823988914489746,0.9271802236900043,0.9193267577052439,0.927310904836353,0.9349030085284159,0.4655820544694567,0.25610446851034385,0.006359649130683244,COMPLETE
82,0.9271802236900043,2023-09-03 22:43:03.292257,2023-09-03 22:44:35.826483,0 days 00:01:32.534226,0.0,6,11,100,30.13330912590027,0.6399075190226237,0.9271802236900043,0.9193267577052439,0.927310904836353,0.9349030085284159,0.9640208722922498,0.29618006388524437,0.006359649130683244,COMPLETE
83,0.9271802236900043,2023-09-03 22:43:18.528072,2023-09-03 22:44:44.282095,0 days 00:01:25.754023,0.0,6,11,100,27.886584520339966,0.6503925323486328,0.9271802236900043,0.9193267577052439,0.927310904836353,0.9349030085284159,0.8620135868945971,0.35908722462501175,0.006359649130683244,COMPLETE
84,0.9271802236900043,2023-09-03 22:43:23.796747,2023-09-03 22:44:55.679925,0 days 00:01:31.883178,0.0,6,11,100,30.035356601079304,0.5405160586039225,0.9271802236900043,0.9193267577052439,0.927310904836353,0.9349030085284159,0.8044477626696094,0.15421065928483094,0.006359649130683244,COMPLETE
85,0.9271802236900043,2023-09-03 22:43:26.331088,2023-09-03 22:44:52.340323,0 days 00:01:26.009235,0.0,6,11,100,28.143044074376423,0.4813491503397624,0.9271802236900043,0.9193267577052439,0.927310904836353,0.9349030085284159,0.9843223313804973,0.15101964630862777,0.006359649130683244,COMPLETE
86,0.9153509568339312,2023-09-03 22:43:28.808240,2023-09-03 22:45:06.953853,0 days 00:01:38.145613,0.0,6,1,100,32.2273694674174,0.4379856586456299,0.9153509568339312,0.9063176520867577,0.9121245276468362,0.9276106907681995,0.6711599278375076,0.027813567464026835,0.008987241254387506,COMPLETE
87,0.9153509568339312,2023-09-03 22:43:39.674097,2023-09-03 22:45:20.898992,0 days 00:01:41.224895,0.0,6,1,100,33.05389483769735,0.6385583082834879,0.9153509568339312,0.9063176520867577,0.9121245276468362,0.9276106907681995,1.0012555669538994,0.17863796837353446,0.008987241254387506,COMPLETE
88,0.9271802236900043,2023-09-03 22:44:03.601960,2023-09-03 22:45:27.465741,0 days 00:01:23.863781,0.0,6,11,100,27.508103768030804,0.390625794728597,0.9271802236900043,0.9193267577052439,0.927310904836353,0.9349030085284159,0.8555653359514596,0.014228233736629304,0.006359649130683244,COMPLETE
89,0.9271802236900043,2023-09-03 22:44:11.791622,2023-09-03 22:45:38.646330,0 days 00:01:26.854708,0.0,6,11,100,28.380205631256104,0.5185205936431885,0.9271802236900043,0.9193267577052439,0.927310904836353,0.9349030085284159,0.6142464487014708,0.16963861501764294,0.006359649130683244,COMPLETE
90,0.9271802236900043,2023-09-03 22:44:35.832485,2023-09-03 22:46:07.536700,0 days 00:01:31.704215,0.0,6,11,100,29.904847383499146,0.6168705622355143,0.9271802236900043,0.9193267577052439,0.927310904836353,0.9349030085284159,1.2783397937529617,0.2860391191472611,0.006359649130683244,COMPLETE
91,0.9153509568339312,2023-09-03 22:44:44.291096,2023-09-03 22:46:17.194257,0 days 00:01:32.903161,0.0,6,1,100,30.531068166097004,0.3881395657857259,0.9153509568339312,0.9063176520867577,0.9121245276468362,0.9276106907681995,0.8757060828886104,0.01698940028424673,0.008987241254387506,COMPLETE
92,0.9153509568339312,2023-09-03 22:44:52.347328,2023-09-03 22:46:27.485819,0 days 00:01:35.138491,0.0,6,1,100,31.103107770284016,0.5485254923502604,0.9153509568339312,0.9063176520867577,0.9121245276468362,0.9276106907681995,1.07690354131708,0.23827294832954568,0.008987241254387506,COMPLETE
93,0.9153509568339312,2023-09-03 22:44:55.685451,2023-09-03 22:46:37.832340,0 days 00:01:42.146889,0.0,6,1,100,33.18416086832682,0.8092907269795736,0.9153509568339312,0.9063176520867577,0.9121245276468362,0.9276106907681995,0.8858522306575278,0.26639611764616555,0.008987241254387506,COMPLETE
94,0.9153509568339312,2023-09-03 22:45:06.959856,2023-09-03 22:46:47.350203,0 days 00:01:40.390347,0.0,6,1,100,32.87058130900065,0.5351829528808594,0.9153509568339312,0.9063176520867577,0.9121245276468362,0.9276106907681995,0.14065732990756147,0.1754352645300815,0.008987241254387506,COMPLETE
95,0.9271802236900043,2023-09-03 22:45:20.904989,2023-09-03 22:46:52.225785,0 days 00:01:31.320796,0.0,6,11,100,29.973445971806843,0.40779884656270343,0.9271802236900043,0.9193267577052439,0.927310904836353,0.9349030085284159,0.3233325933378958,0.01657961890554985,0.006359649130683244,COMPLETE
96,0.9271802236900043,2023-09-03 22:45:27.471743,2023-09-03 22:46:54.673581,0 days 00:01:27.201838,0.0,6,11,100,28.28981884320577,0.731937567392985,0.9271802236900043,0.9193267577052439,0.927310904836353,0.9349030085284159,0.8777753960121069,0.23216827759250644,0.006359649130683244,COMPLETE
97,0.9271802236900043,2023-09-03 22:45:38.652330,2023-09-03 22:47:04.289744,0 days 00:01:25.637414,0.0,6,11,100,28.091643651326496,0.4076511859893799,0.9271802236900043,0.9193267577052439,0.927310904836353,0.9349030085284159,1.0165600986038434,0.03183719506105627,0.006359649130683244,COMPLETE
98,0.9271802236900043,2023-09-03 22:46:07.546695,2023-09-03 22:47:40.527617,0 days 00:01:32.980922,0.0,6,11,100,29.89602319399516,1.0162518819173176,0.9271802236900043,0.9193267577052439,0.927310904836353,0.9349030085284159,1.5127758453234756,0.032421856570241527,0.006359649130683244,COMPLETE
99,0.9271802236900043,2023-09-03 22:46:17.205263,2023-09-03 22:47:42.158325,0 days 00:01:24.953062,0.0,6,11,100,27.72542866071065,0.5375754038492838,0.9271802236900043,0.9193267577052439,0.927310904836353,0.9349030085284159,1.0518093185568194,0.24315026826813918,0.006359649130683244,COMPLETE
100,0.9271802236900043,2023-09-03 22:46:27.496820,2023-09-03 22:47:57.403617,0 days 00:01:29.906797,0.0,6,11,100,28.984050750732422,0.9361892541249593,0.9271802236900043,0.9193267577052439,0.927310904836353,0.9349030085284159,2.057439381769903,0.059669216106905086,0.006359649130683244,COMPLETE
101,0.9271802236900043,2023-09-03 22:46:37.846341,2023-09-03 22:48:12.908448,0 days 00:01:35.062107,0.0,6,11,100,31.185879707336426,0.4364634354909261,0.9271802236900043,0.9193267577052439,0.927310904836353,0.9349030085284159,2.162022099860995,0.022009110201699898,0.006359649130683244,COMPLETE
102,0.9271802236900043,2023-09-03 22:46:47.359201,2023-09-03 22:48:20.800290,0 days 00:01:33.441089,0.0,6,11,100,30.634848594665527,0.4599950313568115,0.9271802236900043,0.9193267577052439,0.927310904836353,0.9349030085284159,1.8192174088105255,0.016647094875388648,0.006359649130683244,COMPLETE
103,0.9271802236900043,2023-09-03 22:46:52.231796,2023-09-03 22:48:28.186135,0 days 00:01:35.954339,0.0,6,11,100,31.17615532875061,0.7324237823486328,0.9271802236900043,0.9193267577052439,0.927310904836353,0.9349030085284159,2.0619561240734283,0.404830734543679,0.006359649130683244,COMPLETE
104,0.9271802236900043,2023-09-03 22:46:54.683583,2023-09-03 22:48:25.417668,0 days 00:01:30.734085,0.0,6,11,100,29.551214933395386,0.6265582243601481,0.9271802236900043,0.9193267577052439,0.927310904836353,0.9349030085284159,1.4178966150853578,0.17925524441588966,0.006359649130683244,COMPLETE
105,0.9271802236900043,2023-09-03 22:47:04.294746,2023-09-03 22:48:32.449063,0 days 00:01:28.154317,0.0,6,11,100,28.928620258967083,0.4066268603006999,0.9271802236900043,0.9193267577052439,0.927310904836353,0.9349030085284159,2.4572446070404057,0.05033202453482427,0.006359649130683244,COMPLETE
106,0.9272945780110877,2023-09-03 22:47:40.625144,2023-09-03 22:52:01.847584,0 days 00:04:21.222440,0.0,6,11,300,86.19019428888957,0.8287575244903564,0.9272945780110877,0.9200990441606577,0.9267230047009724,0.9350616851716332,0.9361830185451167,0.1315946788221568,0.0061218286234566155,COMPLETE
107,0.9272945780110877,2023-09-03 22:47:42.170326,2023-09-03 22:51:45.447832,0 days 00:04:03.277506,0.0,6,11,300,80.35608990987141,0.6765576203664144,0.9272945780110877,0.9200990441606577,0.9267230047009724,0.9350616851716332,0.1431057931129198,0.02233017195381921,0.0061218286234566155,COMPLETE
108,0.9271802236900043,2023-09-03 22:47:57.411616,2023-09-03 22:49:25.647829,0 days 00:01:28.236213,0.0,6,11,100,28.783015569051106,0.5621867974599203,0.9271802236900043,0.9193267577052439,0.927310904836353,0.9349030085284159,0.49555088534290787,0.2359011546175173,0.006359649130683244,COMPLETE
109,0.9271802236900043,2023-09-03 22:48:12.918449,2023-09-03 22:49:42.870266,0 days 00:01:29.951817,0.0,6,11,100,29.522444089253742,0.4021296501159668,0.9271802236900043,0.9193267577052439,0.927310904836353,0.9349030085284159,0.8711049239183413,0.02336059178087435,0.006359649130683244,COMPLETE
110,0.9271802236900043,2023-09-03 22:48:20.805287,2023-09-03 22:49:51.780513,0 days 00:01:30.975226,0.0,6,11,100,29.595649878184002,0.6742416222890218,0.9271802236900043,0.9193267577052439,0.927310904836353,0.9349030085284159,1.2498149315724618,0.342419497001833,0.006359649130683244,COMPLETE
111,0.9271802236900043,2023-09-03 22:48:25.423670,2023-09-03 22:49:50.679589,0 days 00:01:25.255919,0.0,6,11,100,27.926442861557007,0.440998633702596,0.9271802236900043,0.9193267577052439,0.927310904836353,0.9349030085284159,0.4861399982141582,0.07326137002253806,0.006359649130683244,COMPLETE
112,0.9271802236900043,2023-09-03 22:48:28.284677,2023-09-03 22:50:01.746671,0 days 00:01:33.461994,0.0,6,11,100,30.26818537712097,0.8081216017405192,0.9271802236900043,0.9193267577052439,0.927310904836353,0.9349030085284159,0.9012330524820431,0.3213312390584064,0.006359649130683244,COMPLETE
113,0.9271802236900043,2023-09-03 22:48:32.454063,2023-09-03 22:49:58.628034,0 days 00:01:26.173971,0.0,6,11,100,28.113690773646038,0.5559431711832682,0.9271802236900043,0.9193267577052439,0.927310904836353,0.9349030085284159,1.146257778455747,0.24812526249421285,0.006359649130683244,COMPLETE
114,0.9272945780110877,2023-09-03 22:49:25.654831,2023-09-03 22:53:25.384100,0 days 00:03:59.729269,0.0,6,11,300,78.76784165700276,1.0925448735555012,0.9272945780110877,0.9200990441606577,0.9267230047009724,0.9350616851716332,1.4589491194183914,0.3707757483337097,0.0061218286234566155,COMPLETE
115,0.9272945780110877,2023-09-03 22:49:42.879266,2023-09-03 22:54:04.676034,0 days 00:04:21.796768,0.0,6,11,300,86.30509233474731,0.9086348215738932,0.9272945780110877,0.9200990441606577,0.9267230047009724,0.9350616851716332,2.5404660730830475,0.21391720622120772,0.0061218286234566155,COMPLETE
116,0.9272945780110877,2023-09-03 22:49:50.685586,2023-09-03 22:53:50.827860,0 days 00:04:00.142274,0.0,6,11,300,78.85087951024373,1.1375192006429036,0.9272945780110877,0.9200990441606577,0.9267230047009724,0.9350616851716332,1.5554180534660735,0.3036184444082821,0.0061218286234566155,COMPLETE
117,0.9272945780110877,2023-09-03 22:49:51.788038,2023-09-03 22:54:12.402562,0 days 00:04:20.614524,0.0,6,11,300,86.02056272824605,0.7780749003092448,0.9272945780110877,0.9200990441606577,0.9267230047009724,0.9350616851716332,2.1747523100392514,0.018259636934235376,0.0061218286234566155,COMPLETE
118,0.9271802236900043,2023-09-03 22:49:58.635020,2023-09-03 22:51:23.031555,0 days 00:01:24.396535,0.0,6,11,100,27.41410533587138,0.6665592193603516,0.9271802236900043,0.9193267577052439,0.927310904836353,0.9349030085284159,0.6153020558835813,0.30294094533071103,0.006359649130683244,COMPLETE
119,0.9004245634649092,2023-09-03 22:50:01.752674,2023-09-03 22:51:33.010548,0 days 00:01:31.257874,0.01,6,11,100,30.023484230041504,0.34878047307332355,0.9004245634649092,0.8951881559968922,0.8976269427287578,0.9084585916690775,0.5175911543558142,0.009341790018809209,0.005767502467556784,COMPLETE
120,0.9004245634649092,2023-09-03 22:51:23.037560,2023-09-03 22:52:46.571889,0 days 00:01:23.534329,0.01,6,11,100,27.466140349706013,0.3264576594034831,0.9004245634649092,0.8951881559968922,0.8976269427287578,0.9084585916690775,1.2715139677286615,0.005552891997464618,0.005767502467556784,COMPLETE
121,0.9273532204392131,2023-09-03 22:51:33.017546,2023-09-03 22:58:36.892561,0 days 00:07:03.875015,0.0,6,11,500,139.8291200796763,1.4105273087819417,0.9273532204392131,0.9205095066592954,0.9264041044677191,0.9351460501906246,3.07919612514228,0.3595114586094445,0.0060129148495346755,COMPLETE
122,0.9272945780110877,2023-09-03 22:51:45.453830,2023-09-03 22:55:44.838989,0 days 00:03:59.385159,0.0,6,11,300,79.03477843602498,0.7090950806935629,0.9272945780110877,0.9200990441606577,0.9267230047009724,0.9350616851716332,1.2442612942541746,0.031252800260463565,0.0061218286234566155,COMPLETE
123,0.9272945780110877,2023-09-03 22:52:01.852587,2023-09-03 22:56:20.984644,0 days 00:04:19.132057,0.0,6,11,300,85.50624918937683,0.8099227746327718,0.9272945780110877,0.9200990441606577,0.9267230047009724,0.9350616851716332,2.310104602422509,0.03122748335559965,0.0061218286234566155,COMPLETE
124,0.9265459644014462,2023-09-03 22:52:46.580891,2023-09-03 22:56:10.469999,0 days 00:03:23.889108,0.0,5,11,300,66.47480901082356,1.4353816509246826,0.9265459644014462,0.9190723632674139,0.9256085622698266,0.9349569676670982,1.5248315443201945,1.0007290088242764,0.0065186504892189336,COMPLETE
125,0.9265459644014462,2023-09-03 22:53:25.394098,2023-09-03 22:56:50.818652,0 days 00:03:25.424554,0.0,5,11,300,67.6984076499939,0.7020723819732666,0.9265459644014462,0.9190723632674139,0.9256085622698266,0.9349569676670982,0.6892287028704391,0.002633956967267216,0.0065186504892189336,COMPLETE
126,0.9119495438077899,2023-09-03 22:53:50.834866,2023-09-03 22:57:07.139094,0 days 00:03:16.304228,0.0025,5,21,300,64.50639382998149,0.8774870236714681,0.9119495438077899,0.9057624848910646,0.9089717337825665,0.9211144127497388,0.9275442995837896,0.2899238198492474,0.006611653179764027,COMPLETE
127,0.9119495438077899,2023-09-03 22:54:04.692035,2023-09-03 22:57:33.472191,0 days 00:03:28.780156,0.0025,5,21,300,68.5822463830312,0.9576241970062256,0.9119495438077899,0.9057624848910646,0.9089717337825665,0.9211144127497388,1.7981760665527597,0.4266376645689974,0.006611653179764027,COMPLETE
128,0.9272945780110877,2023-09-03 22:54:12.410567,2023-09-03 22:58:29.351891,0 days 00:04:16.941324,0.0,6,11,300,84.75216070810954,0.8427654107411703,0.9272945780110877,0.9200990441606577,0.9267230047009724,0.9350616851716332,2.6666708187786843,0.13819502611544363,0.0061218286234566155,COMPLETE
129,0.9272945780110877,2023-09-03 22:55:44.853993,2023-09-03 22:59:42.110446,0 days 00:03:57.256453,0.0,6,11,300,78.05860837300618,0.9766976038614908,0.9272945780110877,0.9200990441606577,0.9267230047009724,0.9350616851716332,1.446421560098262,0.3333500236980207,0.0061218286234566155,COMPLETE
130,0.9272945780110877,2023-09-03 22:56:10.480004,2023-09-03 23:00:08.699316,0 days 00:03:58.219312,0.0,6,11,300,78.64877430597942,0.7073071797688802,0.9272945780110877,0.9200990441606577,0.9267230047009724,0.9350616851716332,2.8035133619337094,0.038641464232257824,0.0061218286234566155,COMPLETE
131,0.9272945780110877,2023-09-03 22:56:20.989647,2023-09-03 23:00:44.542903,0 days 00:04:23.553256,0.0,6,11,300,87.03780341148376,0.7542594273885092,0.9272945780110877,0.9200990441606577,0.9267230047009724,0.9350616851716332,4.998161199346232,0.0037610666313740225,0.0061218286234566155,COMPLETE
132,0.9263901999671718,2023-09-03 22:56:50.826648,2023-09-03 23:00:37.159833,0 days 00:03:46.333185,0.0,6,21,300,74.65527772903442,0.7375943660736084,0.9263901999671718,0.9199335517348406,0.9240765148459061,0.9351605333207685,2.832651437622813,0.060897019385145926,0.006428068459748574,COMPLETE
133,0.9272945780110877,2023-09-03 22:57:07.146091,2023-09-03 23:01:07.474136,0 days 00:04:00.328045,0.0,6,11,300,78.69837943712871,1.3462780316670735,0.9272945780110877,0.9200990441606577,0.9267230047009724,0.9350616851716332,3.628162710857618,0.4574832029692923,0.0061218286234566155,COMPLETE
134,0.9272945780110877,2023-09-03 22:57:33.478194,2023-09-03 23:02:00.416414,0 days 00:04:26.938220,0.0,6,11,300,88.06401642163594,0.858781894048055,0.9272945780110877,0.9200990441606577,0.9267230047009724,0.9350616851716332,4.25028402628443,0.0792364709863383,0.0061218286234566155,COMPLETE
135,0.9272945780110877,2023-09-03 22:58:29.357890,2023-09-03 23:02:54.611638,0 days 00:04:25.253748,0.0,6,11,300,87.53526576360066,0.8286255200703939,0.9272945780110877,0.9200990441606577,0.9267230047009724,0.9350616851716332,4.597445597536816,0.061959401056873364,0.0061218286234566155,COMPLETE
136,0.9272945780110877,2023-09-03 22:58:36.897561,2023-09-03 23:03:02.599177,0 days 00:04:25.701616,0.0,6,11,300,87.66338928540547,0.8486332893371582,0.9272945780110877,0.9200990441606577,0.9267230047009724,0.9350616851716332,4.60896723554991,0.0716852359851338,0.0061218286234566155,COMPLETE
137,0.9272945780110877,2023-09-03 22:59:42.116444,2023-09-03 23:03:46.800685,0 days 00:04:04.684241,0.0,6,11,300,80.80181209246318,0.6980816523234049,0.9272945780110877,0.9200990441606577,0.9267230047009724,0.9350616851716332,1.1712079862887521,0.023684890226831783,0.0061218286234566155,COMPLETE
138,0.9272945780110877,2023-09-03 23:00:08.710845,2023-09-03 23:04:11.367033,0 days 00:04:02.656188,0.0,6,11,300,79.68377645810445,1.136440356572469,0.9272945780110877,0.9200990441606577,0.9267230047009724,0.9350616851716332,2.1473565501358722,0.5917292660610088,0.0061218286234566155,COMPLETE
139,0.9272945780110877,2023-09-03 23:00:37.178836,2023-09-03 23:04:53.889831,0 days 00:04:16.710995,0.0,6,11,300,84.26679094632466,1.2237659295399983,0.9272945780110877,0.9200990441606577,0.9267230047009724,0.9350616851716332,8.42884238623571,0.7601740814754887,0.0061218286234566155,COMPLETE
140,0.9272945780110877,2023-09-03 23:00:44.549904,2023-09-03 23:06:10.556040,0 days 00:05:26.006136,0.0,6,11,300,107.35998209317525,1.2228035132090251,0.9272945780110877,0.9200990441606577,0.9267230047009724,0.9350616851716332,27.991063932057507,0.5706435421595338,0.0061218286234566155,COMPLETE
141,0.9067316049136601,2023-09-03 23:01:07.480138,2023-09-03 23:05:41.120567,0 days 00:04:33.640429,0.005,6,11,300,89.92602912584941,1.2315892378489177,0.9067316049136601,0.8991784672663664,0.9039153599821369,0.917100987492477,15.047289078238723,0.24485133739305734,0.007582990151190746,COMPLETE
142,0.9067316049136601,2023-09-03 23:02:00.423415,2023-09-03 23:08:59.040702,0 days 00:06:58.617287,0.005,6,11,300,138.00072860717773,1.4141425291697185,0.9067316049136601,0.8991784672663664,0.9039153599821369,0.917100987492477,46.33089831222549,0.5569572931142001,0.007582990151190746,COMPLETE
143,0.9067316049136601,2023-09-03 23:02:54.620638,2023-09-03 23:10:54.397111,0 days 00:07:59.776473,0.005,6,11,300,158.62112267812094,1.2387274901072185,0.9067316049136601,0.8991784672663664,0.9039153599821369,0.917100987492477,41.7847935575106,0.37033720756331445,0.007582990151190746,COMPLETE
144,0.9272945780110877,2023-09-03 23:03:02.605173,2023-09-03 23:11:14.509012,0 days 00:08:11.903839,0.0,6,11,300,162.12679386138916,1.7683556874593098,0.9272945780110877,0.9200990441606577,0.9267230047009724,0.9350616851716332,40.84337521622876,0.5092789913697137,0.0061218286234566155,COMPLETE
145,0.9067316049136601,2023-09-03 23:03:46.807685,2023-09-03 23:10:05.250945,0 days 00:06:18.443260,0.005,6,11,300,124.80693626403809,1.280496597290039,0.9067316049136601,0.8991784672663664,0.9039153599821369,0.917100987492477,16.101889768876823,0.602020222085514,0.007582990151190746,COMPLETE
146,0.9067316049136601,2023-09-03 23:04:11.377036,2023-09-03 23:10:56.081839,0 days 00:06:44.704803,0.005,6,11,300,132.84872587521872,1.9550750255584717,0.9067316049136601,0.8991784672663664,0.9039153599821369,0.917100987492477,9.781714820733324,0.7267968268677402,0.007582990151190746,COMPLETE
147,0.9067316049136601,2023-09-03 23:04:54.029491,2023-09-03 23:11:39.822296,0 days 00:06:45.792805,0.005,6,11,300,133.88308103879294,1.2789243062337239,0.9067316049136601,0.8991784672663664,0.9039153599821369,0.917100987492477,5.985852769517856,0.2806571608547188,0.007582990151190746,COMPLETE
148,0.9272945780110877,2023-09-03 23:05:41.143545,2023-09-03 23:12:31.326404,0 days 00:06:50.182859,0.0,6,11,300,135.59789077440897,1.0571318467458088,0.9272945780110877,0.9200990441606577,0.9267230047009724,0.9350616851716332,2.642878428758024,0.15279774429431256,0.0061218286234566155,COMPLETE
149,0.9272945780110877,2023-09-03 23:06:10.593540,2023-09-03 23:15:03.661315,0 days 00:08:53.067775,0.0,6,11,300,176.21513160069784,1.346387227376302,0.9272945780110877,0.9200990441606577,0.9267230047009724,0.9350616851716332,12.684420987493683,0.30708369786977646,0.0061218286234566155,COMPLETE
150,0.9272945780110877,2023-09-03 23:08:59.052811,2023-09-03 23:17:26.106405,0 days 00:08:27.053594,0.0,6,11,300,167.5009237130483,1.4326564470926921,0.9272945780110877,0.9200990441606577,0.9267230047009724,0.9350616851716332,7.92113082751462,0.36356898140684285,0.0061218286234566155,COMPLETE
151,0.9272945780110877,2023-09-03 23:10:05.272219,2023-09-03 23:16:25.312066,0 days 00:06:20.039847,0.0,6,11,300,125.23543214797974,1.3601259390513103,0.9272945780110877,0.9200990441606577,0.9267230047009724,0.9350616851716332,4.633562643242696,0.21280362837362082,0.0061218286234566155,COMPLETE
152,0.9272945780110877,2023-09-03 23:10:54.415249,2023-09-03 23:19:08.442111,0 days 00:08:14.026862,0.0,6,11,300,163.1385370095571,1.3864099184672039,0.9272945780110877,0.9200990441606577,0.9267230047009724,0.9350616851716332,2.650636724058061,0.31267771761963503,0.0061218286234566155,COMPLETE
153,0.9272945780110877,2023-09-03 23:10:56.109124,2023-09-03 23:17:14.303257,0 days 00:06:18.194133,0.0,6,11,300,124.15901494026184,1.7901527086893718,0.9272945780110877,0.9200990441606577,0.9267230047009724,0.9350616851716332,1.3891170844336662,0.5862857934725187,0.0061218286234566155,COMPLETE
154,0.9272945780110877,2023-09-03 23:11:14.516098,2023-09-03 23:19:21.941083,0 days 00:08:07.424985,0.0,6,11,300,160.21854869524637,2.115809917449951,0.9272945780110877,0.9200990441606577,0.9267230047009724,0.9350616851716332,0.8230860548208337,1.2831080738488585,0.0061218286234566155,COMPLETE
155,0.9272945780110877,2023-09-03 23:11:39.829309,2023-09-03 23:17:53.817086,0 days 00:06:13.987777,0.0,6,11,300,123.45934661229451,1.1239701112111409,0.9272945780110877,0.9200990441606577,0.9267230047009724,0.9350616851716332,3.8609551621927216,0.11084120744203046,0.0061218286234566155,COMPLETE
156,0.9272945780110877,2023-09-03 23:12:31.336017,2023-09-03 23:18:46.203154,0 days 00:06:14.867137,0.0,6,11,300,123.8883084456126,0.9954587618509928,0.9272945780110877,0.9200990441606577,0.9267230047009724,0.9350616851716332,5.920359687184729,0.0890044298301514,0.0061218286234566155,COMPLETE
157,0.9272945780110877,2023-09-03 23:15:03.673221,2023-09-03 23:21:42.452850,0 days 00:06:38.779629,0.0,6,11,300,131.8442016442617,1.0086626211802165,0.9272945780110877,0.9200990441606577,0.9267230047009724,0.9350616851716332,29.321296320997423,0.17536376285031563,0.0061218286234566155,COMPLETE
158,0.9272945780110877,2023-09-03 23:16:25.321685,2023-09-03 23:21:39.759604,0 days 00:05:14.437919,0.0,6,11,300,103.76185615857442,0.9689339796702067,0.9272945780110877,0.9200990441606577,0.9267230047009724,0.9350616851716332,17.30313026824498,0.2040913831097229,0.0061218286234566155,COMPLETE
159,0.9272945780110877,2023-09-03 23:17:14.312289,2023-09-03 23:22:11.722663,0 days 00:04:57.410374,0.0,6,11,300,98.1446746190389,0.9149359862009684,0.9272945780110877,0.9200990441606577,0.9267230047009724,0.9350616851716332,15.657595029423344,0.19639673379655312,0.0061218286234566155,COMPLETE
160,0.9272945780110877,2023-09-03 23:17:26.112426,2023-09-03 23:22:58.112897,0 days 00:05:32.000471,0.0,6,11,300,109.27379107475281,1.3176674842834473,0.9272945780110877,0.9200990441606577,0.9267230047009724,0.9350616851716332,28.396301236138676,0.5715230595863858,0.0061218286234566155,COMPLETE
161,0.9272945780110877,2023-09-03 23:17:53.826234,2023-09-03 23:22:38.398933,0 days 00:04:44.572699,0.0,6,11,300,93.86562848091125,0.916533629099528,0.9272945780110877,0.9200990441606577,0.9267230047009724,0.9350616851716332,17.379247700794522,0.294682358558382,0.0061218286234566155,COMPLETE
162,0.9272945780110877,2023-09-03 23:18:46.209151,2023-09-03 23:23:10.244920,0 days 00:04:24.035769,0.0,6,11,300,87.21214032173157,0.726774533589681,0.9272945780110877,0.9200990441606577,0.9267230047009724,0.9350616851716332,9.586708280984427,0.03076511394813102,0.0061218286234566155,COMPLETE
163,0.9272945780110877,2023-09-03 23:19:08.452159,2023-09-03 23:23:51.200528,0 days 00:04:42.748369,0.0,6,11,300,93.34191592534383,0.8375996748606364,0.9272945780110877,0.9200990441606577,0.9267230047009724,0.9350616851716332,9.13239472093896,0.0389652942543128,0.0061218286234566155,COMPLETE
164,0.9272945780110877,2023-09-03 23:19:21.958389,2023-09-03 23:23:58.167627,0 days 00:04:36.209238,0.0,6,11,300,91.1855521996816,0.7785829703013102,0.9272945780110877,0.9200990441606577,0.9267230047009724,0.9350616851716332,6.823008205906017,0.009285788093991247,0.0061218286234566155,COMPLETE
165,0.9272945780110877,2023-09-03 23:21:39.787608,2023-09-03 23:25:39.096222,0 days 00:03:59.308614,0.0,6,11,300,78.94573219617207,0.7657787005106608,0.9272945780110877,0.9200990441606577,0.9267230047009724,0.9350616851716332,1.346884870051804,0.032964861674563244,0.0061218286234566155,COMPLETE
166,0.9203923671767945,2023-09-03 23:21:42.460852,2023-09-03 23:26:27.428677,0 days 00:04:44.967825,0.0,6,1,300,94.08796747525533,0.8379452228546143,0.9203923671767945,0.9117602219572967,0.9185560527368877,0.9308608268361994,2.5405514823454167,0.03193552171645877,0.007905159274239782,COMPLETE
167,0.9203923671767945,2023-09-03 23:22:11.728663,2023-09-03 23:26:33.329104,0 days 00:04:21.600441,0.0,6,1,300,86.38119475046794,0.7604367733001709,0.9203923671767945,0.9117602219572967,0.9185560527368877,0.9308608268361994,2.416283605020097,0.016091163015500856,0.007905159274239782,COMPLETE
168,0.9272945780110877,2023-09-03 23:22:38.405936,2023-09-03 23:26:37.492937,0 days 00:03:59.087001,0.0,6,11,300,78.77031826972961,0.8726543585459391,0.9272945780110877,0.9200990441606577,0.9267230047009724,0.9350616851716332,2.427238509505341,0.25662341127553384,0.0061218286234566155,COMPLETE
169,0.9272945780110877,2023-09-03 23:22:58.124905,2023-09-03 23:27:19.420135,0 days 00:04:21.295230,0.0,6,11,300,86.2224330107371,0.7964405218760172,0.9272945780110877,0.9200990441606577,0.9267230047009724,0.9350616851716332,2.686872482973554,0.030503192964153658,0.0061218286234566155,COMPLETE
170,0.9272945780110877,2023-09-03 23:23:10.250922,2023-09-03 23:27:07.481868,0 days 00:03:57.230946,0.0,6,11,300,78.30938696861267,0.7160762151082357,0.9272945780110877,0.9200990441606577,0.9267230047009724,0.9350616851716332,2.3820378996130023,0.013279746579790171,0.0061218286234566155,COMPLETE
171,0.9272945780110877,2023-09-03 23:23:51.206528,2023-09-03 23:28:08.246531,0 days 00:04:17.040003,0.0,6,11,300,84.87354389826457,0.7417670885721842,0.9272945780110877,0.9200990441606577,0.9267230047009724,0.9350616851716332,2.828635527855542,0.020744676956713868,0.0061218286234566155,COMPLETE
172,0.9273532204392131,2023-09-03 23:23:58.173627,2023-09-03 23:31:02.884623,0 days 00:07:04.710996,0.0,6,11,500,140.31511298815408,1.2047044436136882,0.9273532204392131,0.9205095066592954,0.9264041044677191,0.9351460501906246,3.943806911401474,0.11454889846983511,0.0060129148495346755,COMPLETE
173,0.9273532204392131,2023-09-03 23:25:39.107220,2023-09-03 23:32:09.978225,0 days 00:06:30.871005,0.0,6,11,500,129.1711212793986,1.0586947600046794,0.9273532204392131,0.9205095066592954,0.9264041044677191,0.9351460501906246,3.4947949997920262,0.02716396112934462,0.0060129148495346755,COMPLETE
174,0.9273532204392131,2023-09-03 23:26:27.434677,2023-09-03 23:33:36.063271,0 days 00:07:08.628594,0.0,6,11,500,141.24709725379944,1.5685845216115315,0.9273532204392131,0.9205095066592954,0.9264041044677191,0.9351460501906246,3.9711078078607343,0.3597741718323179,0.0060129148495346755,COMPLETE
175,0.9273532204392131,2023-09-03 23:26:33.334104,2023-09-03 23:33:04.734873,0 days 00:06:31.400769,0.0,6,11,500,129.0166962146759,1.3877077102661133,0.9273532204392131,0.9205095066592954,0.9264041044677191,0.9351460501906246,3.5646420557148444,0.42978583490532646,0.0060129148495346755,COMPLETE
176,0.9273532204392131,2023-09-03 23:26:37.498936,2023-09-03 23:33:09.477113,0 days 00:06:31.978177,0.0,6,11,500,128.72664896647134,1.8730465571085613,0.9273532204392131,0.9205095066592954,0.9264041044677191,0.9351460501906246,4.885142377773074,0.5959984875318675,0.0060129148495346755,COMPLETE
177,0.9273532204392131,2023-09-03 23:27:07.489870,2023-09-03 23:33:40.286516,0 days 00:06:32.796646,0.0,6,11,500,129.8161427974701,1.0583813190460205,0.9273532204392131,0.9205095066592954,0.9264041044677191,0.9351460501906246,4.2729036202797825,0.03794463858766156,0.0060129148495346755,COMPLETE
178,0.9273532204392131,2023-09-03 23:27:19.425657,2023-09-03 23:34:28.720215,0 days 00:07:09.294558,0.0,6,11,500,141.88596487045288,1.1540432771046956,0.9273532204392131,0.9205095066592954,0.9264041044677191,0.9351460501906246,5.634263095140204,0.017563899246098965,0.0060129148495346755,COMPLETE
179,0.9273532204392131,2023-09-03 23:28:08.256531,2023-09-03 23:35:17.935955,0 days 00:07:09.679424,0.0,6,11,500,142.04413080215454,1.1268312136332195,0.9273532204392131,0.9205095066592954,0.9264041044677191,0.9351460501906246,5.480410377136665,0.01964140153126004,0.0060129148495346755,COMPLETE
180,0.9273532204392131,2023-09-03 23:31:02.891620,2023-09-03 23:38:21.389211,0 days 00:07:18.497591,0.0,6,11,500,144.6214108467102,1.4764277935028076,0.9273532204392131,0.9205095066592954,0.9264041044677191,0.9351460501906246,6.924788137876959,0.22252684323220745,0.0060129148495346755,COMPLETE
181,0.9273532204392131,2023-09-03 23:32:09.984222,2023-09-03 23:38:48.604446,0 days 00:06:38.620224,0.0,6,11,500,131.57899602254233,1.2363834381103516,0.9273532204392131,0.9205095066592954,0.9264041044677191,0.9351460501906246,4.970532345356266,0.2901670635067729,0.0060129148495346755,COMPLETE
182,0.926498573655126,2023-09-03 23:33:04.747401,2023-09-03 23:41:48.217991,0 days 00:08:43.470590,0.0,8,11,500,172.637881676356,1.7967891693115234,0.926498573655126,0.919083851737369,0.9258122289838346,0.9345996402441741,9.326949243022618,0.8866243283708113,0.006352858936617117,COMPLETE
183,0.926498573655126,2023-09-03 23:33:09.482111,2023-09-03 23:41:57.206222,0 days 00:08:47.724111,0.0,8,11,500,174.4960811138153,1.348105510075887,0.926498573655126,0.919083851737369,0.9258122289838346,0.9345996402441741,10.636063592684472,0.12143024550193855,0.006352858936617117,COMPLETE
184,0.9273532204392131,2023-09-03 23:33:36.069271,2023-09-03 23:41:22.833065,0 days 00:07:46.763794,0.0,6,11,500,154.08503341674805,1.4352014064788818,0.9273532204392131,0.9205095066592954,0.9264041044677191,0.9351460501906246,16.924977883862734,0.051034176735513914,0.0060129148495346755,COMPLETE
185,0.9273532204392131,2023-09-03 23:33:40.292517,2023-09-03 23:40:23.006894,0 days 00:06:42.714377,0.0,6,11,500,132.92711353302002,1.2364707787831624,0.9273532204392131,0.9205095066592954,0.9264041044677191,0.9351460501906246,6.94786965729739,0.1294503949944126,0.0060129148495346755,COMPLETE
186,0.9273532204392131,2023-09-03 23:34:28.728214,2023-09-03 23:42:31.378185,0 days 00:08:02.649971,0.0,6,11,500,159.34968511263529,1.4737897713979085,0.9273532204392131,0.9205095066592954,0.9264041044677191,0.9351460501906246,18.375166358673773,0.22805520043210212,0.0060129148495346755,COMPLETE
187,0.9273532204392131,2023-09-03 23:35:17.942956,2023-09-03 23:43:27.183724,0 days 00:08:09.240768,0.0,6,11,500,161.74594219525656,1.2729534308115642,0.9273532204392131,0.9205095066592954,0.9264041044677191,0.9351460501906246,13.221992721883238,0.04060127243822671,0.0060129148495346755,COMPLETE
188,0.9273532204392131,2023-09-03 23:38:21.422209,2023-09-03 23:46:23.839796,0 days 00:08:02.417587,0.0,6,11,500,158.91478514671326,1.8127164045969646,0.9273532204392131,0.9205095066592954,0.9264041044677191,0.9351460501906246,8.946984214689584,0.6098062978698958,0.0060129148495346755,COMPLETE
189,0.9273532204392131,2023-09-03 23:38:48.618444,2023-09-03 23:45:41.997613,0 days 00:06:53.379169,0.0,6,11,500,136.11880819002786,1.5786995093027751,0.9273532204392131,0.9205095066592954,0.9264041044677191,0.9351460501906246,4.7768066291393145,0.7101383276606154,0.0060129148495346755,COMPLETE
190,0.9273532204392131,2023-09-03 23:40:23.046890,2023-09-03 23:47:12.708736,0 days 00:06:49.661846,0.0,6,11,500,135.45008142789206,0.9943291346232096,0.9273532204392131,0.9205095066592954,0.9264041044677191,0.9351460501906246,2.502644856472877,0.016388427144795274,0.0060129148495346755,COMPLETE
191,0.9273532204392131,2023-09-03 23:41:22.843066,2023-09-03 23:48:59.157395,0 days 00:07:36.314329,0.0,6,11,500,150.4952972730001,1.5277877648671467,0.9273532204392131,0.9205095066592954,0.9264041044677191,0.9351460501906246,4.558266331211837,0.4680993405963522,0.0060129148495346755,COMPLETE
192,0.9273532204392131,2023-09-03 23:41:48.223990,2023-09-03 23:48:32.782629,0 days 00:06:44.558639,0.0,6,11,500,133.69314869244894,1.088713010152181,0.9273532204392131,0.9205095066592954,0.9264041044677191,0.9351460501906246,2.7505328362711765,0.10945696216631648,0.0060129148495346755,COMPLETE
193,0.9273532204392131,2023-09-03 23:41:57.215224,2023-09-03 23:48:36.304480,0 days 00:06:39.089256,0.0,6,11,500,131.5044073263804,1.4489832719167073,0.9273532204392131,0.9205095066592954,0.9264041044677191,0.9351460501906246,1.3100235791533688,0.5812767577558826,0.0060129148495346755,COMPLETE
194,0.9273532204392131,2023-09-03 23:42:31.411183,2023-09-03 23:49:52.800413,0 days 00:07:21.389230,0.0,6,11,500,145.88764580090842,1.1543691953023274,0.9273532204392131,0.9205095066592954,0.9264041044677191,0.9351460501906246,4.603514020030692,0.04634666021178794,0.0060129148495346755,COMPLETE
195,0.9273532204392131,2023-09-03 23:43:27.192723,2023-09-03 23:50:44.217069,0 days 00:07:17.024346,0.0,6,11,500,143.8479917049408,1.762770414352417,0.9273532204392131,0.9205095066592954,0.9264041044677191,0.9351460501906246,5.875552223609193,0.4270694532312928,0.0060129148495346755,COMPLETE
196,0.9273532204392131,2023-09-03 23:45:42.005617,2023-09-03 23:52:14.094999,0 days 00:06:32.089382,0.0,6,11,500,129.06713938713074,1.57258145014445,0.9273532204392131,0.9205095066592954,0.9264041044677191,0.9351460501906246,3.515477623747709,0.5586174109448743,0.0060129148495346755,COMPLETE
197,0.9273532204392131,2023-09-03 23:46:23.845797,2023-09-03 23:53:43.164549,0 days 00:07:19.318752,0.0,6,11,500,145.19831307729086,1.1692441304524739,0.9273532204392131,0.9205095066592954,0.9264041044677191,0.9351460501906246,2.5135671301654625,0.03632516195075307,0.0060129148495346755,COMPLETE
198,0.9273532204392131,2023-09-03 23:47:12.715734,2023-09-03 23:53:48.030490,0 days 00:06:35.314756,0.0,6,11,500,129.96808846791586,1.740637222925822,0.9273532204392131,0.9205095066592954,0.9264041044677191,0.9351460501906246,2.8505428397473187,0.963386438379643,0.0060129148495346755,COMPLETE
199,0.9273532204392131,2023-09-03 23:48:32.793629,2023-09-03 23:55:04.389762,0 days 00:06:31.596133,0.0,6,11,500,129.4289767742157,1.0357011953989665,0.9273532204392131,0.9205095066592954,0.9264041044677191,0.9351460501906246,3.606601290360922,0.03954265102528206,0.0060129148495346755,COMPLETE
200,0.9273532204392131,2023-09-03 23:48:36.318477,2023-09-03 23:55:07.527026,0 days 00:06:31.208549,0.0,6,11,500,128.79151193300882,1.5473016103108723,0.9273532204392131,0.9205095066592954,0.9264041044677191,0.9351460501906246,4.125495176867233,0.3197840444314874,0.0060129148495346755,COMPLETE
201,0.9273532204392131,2023-09-03 23:48:59.165406,2023-09-03 23:56:12.832465,0 days 00:07:13.667059,0.0,6,11,500,142.99344531695047,1.490552584330241,0.9273532204392131,0.9205095066592954,0.9264041044677191,0.9351460501906246,3.747829276352116,0.5312414312014735,0.0060129148495346755,COMPLETE
202,0.9273532204392131,2023-09-03 23:49:52.813416,2023-09-03 23:57:04.426587,0 days 00:07:11.613171,0.0,6,11,500,142.67751828829446,1.1268463929494221,0.9273532204392131,0.9205095066592954,0.9264041044677191,0.9351460501906246,4.008338104381252,0.04042036537349545,0.0060129148495346755,COMPLETE
203,0.9273532204392131,2023-09-03 23:50:44.231070,2023-09-03 23:57:53.424802,0 days 00:07:09.193732,0.0,6,11,500,141.8610518773397,1.1278310616811116,0.9273532204392131,0.9205095066592954,0.9264041044677191,0.9351460501906246,2.09618181662743,0.027541002018003274,0.0060129148495346755,COMPLETE
204,0.9273532204392131,2023-09-03 23:52:14.101001,2023-09-03 23:58:44.677906,0 days 00:06:30.576905,0.0,6,11,500,129.102525472641,1.0337542692820232,0.9273532204392131,0.9205095066592954,0.9264041044677191,0.9351460501906246,2.7581710261407317,0.02004807068298145,0.0060129148495346755,COMPLETE
205,0.9273532204392131,2023-09-03 23:53:43.172076,2023-09-04 00:00:53.448242,0 days 00:07:10.276166,0.0,6,11,500,141.92938939730325,1.4219786326090496,0.9273532204392131,0.9205095066592954,0.9264041044677191,0.9351460501906246,4.224691581257728,0.4242054636841108,0.0060129148495346755,COMPLETE
206,0.9273532204392131,2023-09-03 23:53:48.037491,2023-09-04 00:00:19.861216,0 days 00:06:31.823725,0.0,6,11,500,129.4821832974752,1.059368371963501,0.9273532204392131,0.9205095066592954,0.9264041044677191,0.9351460501906246,3.8270285995775137,0.09030376635434997,0.0060129148495346755,COMPLETE
207,0.9273532204392131,2023-09-03 23:55:04.398292,2023-09-04 00:01:35.802427,0 days 00:06:31.404135,0.0,6,11,500,129.36115582784018,1.0453678766886394,0.9273532204392131,0.9205095066592954,0.9264041044677191,0.9351460501906246,4.863333230657656,0.02129474781012829,0.0060129148495346755,COMPLETE
208,0.9273532204392131,2023-09-03 23:55:07.533026,2023-09-04 00:01:40.750264,0 days 00:06:33.217238,0.0,6,11,500,129.86805788675943,1.1369918982187908,0.9273532204392131,0.9205095066592954,0.9264041044677191,0.9351460501906246,3.8467196049242065,0.2103030047953288,0.0060129148495346755,COMPLETE
209,0.9273532204392131,2023-09-03 23:56:12.838465,2023-09-04 00:03:51.304324,0 days 00:07:38.465859,0.0,6,11,500,151.30311822891235,1.4596519470214844,0.9273532204392131,0.9205095066592954,0.9264041044677191,0.9351460501906246,15.195919489612693,0.4006153007905609,0.0060129148495346755,COMPLETE
210,0.9273532204392131,2023-09-03 23:57:04.450107,2023-09-04 00:04:55.234716,0 days 00:07:50.784609,0.0,6,11,500,154.79296056429544,2.0532192389170327,0.9273532204392131,0.9205095066592954,0.9264041044677191,0.9351460501906246,17.102749665142632,0.5243548111407649,0.0060129148495346755,COMPLETE
211,0.9273532204392131,2023-09-03 23:57:53.435803,2023-09-04 00:05:43.731583,0 days 00:07:50.295780,0.0,6,11,500,155.42959690093994,1.2664628823598225,0.9273532204392131,0.9205095066592954,0.9264041044677191,0.9351460501906246,13.107801127205313,0.16142134413947715,0.0060129148495346755,COMPLETE
212,0.9273532204392131,2023-09-03 23:58:44.683907,2023-09-04 00:05:30.656821,0 days 00:06:45.972914,0.0,6,11,500,134.13750664393106,1.125109354654948,0.9273532204392131,0.9205095066592954,0.9264041044677191,0.9351460501906246,6.084471640085644,0.11111071008522747,0.0060129148495346755,COMPLETE
213,0.9273532204392131,2023-09-04 00:00:19.868219,2023-09-04 00:07:07.324368,0 days 00:06:47.456149,0.0,6,11,500,134.6884764035543,1.0642178058624268,0.9273532204392131,0.9205095066592954,0.9264041044677191,0.9351460501906246,3.398241243042133,0.011984380305353256,0.0060129148495346755,COMPLETE
214,0.9273532204392131,2023-09-04 00:00:53.456240,2023-09-04 00:08:42.664781,0 days 00:07:49.208541,0.0,6,11,500,155.0342129866282,1.2384066581726074,0.9273532204392131,0.9205095066592954,0.9264041044677191,0.9351460501906246,8.137907686804043,0.19215445568137823,0.0060129148495346755,COMPLETE
215,0.9273532204392131,2023-09-04 00:01:35.808425,2023-09-04 00:08:21.610239,0 days 00:06:45.801814,0.0,6,11,500,133.87047489484152,1.3304345607757568,0.9273532204392131,0.9205095066592954,0.9264041044677191,0.9351460501906246,0.7517946056797296,0.4305077582950602,0.0060129148495346755,COMPLETE
216,0.9273532204392131,2023-09-04 00:01:40.756263,2023-09-04 00:08:24.884957,0 days 00:06:44.128694,0.0,6,11,500,133.37075622876486,1.2766185601552327,0.9273532204392131,0.9205095066592954,0.9264041044677191,0.9351460501906246,2.039114921607967,0.15110790264930227,0.0060129148495346755,COMPLETE
217,0.9273532204392131,2023-09-04 00:03:51.312324,2023-09-04 00:11:11.313564,0 days 00:07:20.001240,0.0,6,11,500,145.06453410784403,1.5241841475168865,0.9273532204392131,0.9205095066592954,0.9264041044677191,0.9351460501906246,3.773124754378506,0.6086343711547841,0.0060129148495346755,COMPLETE
218,0.9273532204392131,2023-09-04 00:04:55.244713,2023-09-04 00:12:04.559957,0 days 00:07:09.315244,0.0,6,11,500,141.94288063049316,1.1060189406077068,0.9273532204392131,0.9205095066592954,0.9264041044677191,0.9351460501906246,1.8105069112865049,0.0344427602859176,0.0060129148495346755,COMPLETE
219,0.9273532204392131,2023-09-04 00:05:30.662824,2023-09-04 00:11:58.860587,0 days 00:06:28.197763,0.0,6,11,500,128.3132038116455,1.023696502049764,0.9273532204392131,0.9205095066592954,0.9264041044677191,0.9351460501906246,2.6511360913543864,0.042539455763841307,0.0060129148495346755,COMPLETE
220,0.9273532204392131,2023-09-04 00:05:43.739585,2023-09-04 00:12:50.914428,0 days 00:07:07.174843,0.0,6,11,500,140.76322031021118,1.5645450750986736,0.9273532204392131,0.9205095066592954,0.9264041044677191,0.9351460501906246,1.340133221342945,0.6897436753494398,0.0060129148495346755,COMPLETE
221,0.9273532204392131,2023-09-04 00:07:07.339379,2023-09-04 00:13:34.080642,0 days 00:06:26.741263,0.0,6,11,500,127.84386165936787,1.0023668607076008,0.9273532204392131,0.9205095066592954,0.9264041044677191,0.9351460501906246,3.0983792720333967,0.012030288213251788,0.0060129148495346755,COMPLETE
222,0.9273532204392131,2023-09-04 00:08:21.618235,2023-09-04 00:14:48.423253,0 days 00:06:26.805018,0.0,6,11,500,127.83995310465495,1.032699426015218,0.9273532204392131,0.9205095066592954,0.9264041044677191,0.9351460501906246,4.096480054615249,0.03067690193667171,0.0060129148495346755,COMPLETE
223,0.9273532204392131,2023-09-04 00:08:24.889957,2023-09-04 00:14:52.162173,0 days 00:06:27.272216,0.0,6,11,500,127.55905977884929,1.4705018997192383,0.9273532204392131,0.9205095066592954,0.9264041044677191,0.9351460501906246,3.440083284610656,0.6200225372711727,0.0060129148495346755,COMPLETE
224,0.9273532204392131,2023-09-04 00:08:42.669780,2023-09-04 00:15:44.666243,0 days 00:07:01.996463,0.0,6,11,500,139.4719122250875,1.137215296427409,0.9273532204392131,0.9205095066592954,0.9264041044677191,0.9351460501906246,2.546536113389582,0.03883240940166502,0.0060129148495346755,COMPLETE
225,0.9273532204392131,2023-09-04 00:11:11.326568,2023-09-04 00:18:15.591258,0 days 00:07:04.264690,0.0,6,11,500,140.05689239501953,1.2986512184143066,0.9273532204392131,0.9205095066592954,0.9264041044677191,0.9351460501906246,5.214112559901549,0.2397902072035451,0.0060129148495346755,COMPLETE
226,0.9273532204392131,2023-09-04 00:11:58.866584,2023-09-04 00:18:28.648528,0 days 00:06:29.781944,0.0,6,11,500,128.79310250282288,1.0696923732757568,0.9273532204392131,0.9205095066592954,0.9264041044677191,0.9351460501906246,4.167385777884456,0.08171797865369725,0.0060129148495346755,COMPLETE
227,0.9273532204392131,2023-09-04 00:12:04.565962,2023-09-04 00:19:07.469884,0 days 00:07:02.903922,0.0,6,11,500,139.6221559047699,1.2781267960866292,0.9273532204392131,0.9205095066592954,0.9264041044677191,0.9351460501906246,5.282206092431814,0.19135458080577514,0.0060129148495346755,COMPLETE
228,0.9273532204392131,2023-09-04 00:12:50.924429,2023-09-04 00:19:53.750186,0 days 00:07:02.825757,0.0,6,11,500,139.66330663363138,1.2069180011749268,0.9273532204392131,0.9205095066592954,0.9264041044677191,0.9351460501906246,4.215641727083088,0.09280175918584324,0.0060129148495346755,COMPLETE
229,0.9273532204392131,2023-09-04 00:13:34.085645,2023-09-04 00:20:00.475952,0 days 00:06:26.390307,0.0,6,11,500,127.6438905398051,1.093696117401123,0.9273532204392131,0.9205095066592954,0.9264041044677191,0.9351460501906246,3.6461375362510657,0.11953823288490265,0.0060129148495346755,COMPLETE
230,0.9273532204392131,2023-09-04 00:14:48.429251,2023-09-04 00:21:15.847900,0 days 00:06:27.418649,0.0,6,11,500,127.98363399505615,1.0858829816182454,0.9273532204392131,0.9205095066592954,0.9264041044677191,0.9351460501906246,2.992140476156297,0.06030279738513969,0.0060129148495346755,COMPLETE
231,0.9273532204392131,2023-09-04 00:14:52.169176,2023-09-04 00:21:21.974454,0 days 00:06:29.805278,0.0,6,11,500,128.55878671010336,1.3002755641937256,0.9273532204392131,0.9205095066592954,0.9264041044677191,0.9351460501906246,2.7505564869618326,0.405528789951706,0.0060129148495346755,COMPLETE
232,0.9273532204392131,2023-09-04 00:15:44.677245,2023-09-04 00:22:57.138648,0 days 00:07:12.461403,0.0,6,11,500,142.93822566668192,1.1365493138631184,0.9273532204392131,0.9205095066592954,0.9264041044677191,0.9351460501906246,6.12225212540466,0.030700781235165092,0.0060129148495346755,COMPLETE
233,0.9273532204392131,2023-09-04 00:18:15.598261,2023-09-04 00:25:27.523597,0 days 00:07:11.925336,0.0,6,11,500,142.70371039708456,1.1915404796600342,0.9273532204392131,0.9205095066592954,0.9264041044677191,0.9351460501906246,6.318855305517185,0.09067106050743466,0.0060129148495346755,COMPLETE
234,0.9273532204392131,2023-09-04 00:18:28.657521,2023-09-04 00:25:02.797284,0 days 00:06:34.139763,0.0,6,11,500,129.89253528912863,1.402679204940796,0.9273532204392131,0.9205095066592954,0.9264041044677191,0.9351460501906246,5.157099902347123,0.4039413286143069,0.0060129148495346755,COMPLETE
235,0.9273532204392131,2023-09-04 00:19:07.478901,2023-09-04 00:26:22.857034,0 days 00:07:15.378133,0.0,6,11,500,143.25748467445374,1.7969128290812175,0.9273532204392131,0.9205095066592954,0.9264041044677191,0.9351460501906246,7.05685831321892,0.697096398144224,0.0060129148495346755,COMPLETE
236,0.9273532204392131,2023-09-04 00:19:53.767182,2023-09-04 00:27:10.379198,0 days 00:07:16.612016,0.0,6,11,500,143.91641585032144,1.5462369918823242,0.9273532204392131,0.9205095066592954,0.9264041044677191,0.9351460501906246,7.075791698762224,0.5813720678465869,0.0060129148495346755,COMPLETE
237,0.9273532204392131,2023-09-04 00:20:00.497963,2023-09-04 00:26:35.527121,0 days 00:06:35.029158,0.0,6,11,500,130.5393058458964,1.0213535626729329,0.9273532204392131,0.9205095066592954,0.9264041044677191,0.9351460501906246,5.7372273074210955,0.03652738697149141,0.0060129148495346755,COMPLETE
238,0.9273532204392131,2023-09-04 00:21:15.853910,2023-09-04 00:27:49.720188,0 days 00:06:33.866278,0.0,6,11,500,129.98136218388876,1.2450412114461262,0.9273532204392131,0.9205095066592954,0.9264041044677191,0.9351460501906246,1.4645370293266493,0.29015533438019997,0.0060129148495346755,COMPLETE
239,0.9273532204392131,2023-09-04 00:21:21.980457,2023-09-04 00:27:56.706008,0 days 00:06:34.725551,0.0,6,11,500,130.47265219688416,1.033181111017863,0.9273532204392131,0.9205095066592954,0.9264041044677191,0.9351460501906246,1.6326483578733095,0.021698760725386505,0.0060129148495346755,COMPLETE
240,0.9273532204392131,2023-09-04 00:22:57.150646,2023-09-04 00:30:10.195833,0 days 00:07:13.045187,0.0,6,11,500,143.09663558006287,1.1695460478464763,0.9273532204392131,0.9205095066592954,0.9264041044677191,0.9351460501906246,4.397440107303631,0.08373652944077781,0.0060129148495346755,COMPLETE
241,0.9273532204392131,2023-09-04 00:25:02.807285,2023-09-04 00:31:35.404435,0 days 00:06:32.597150,0.0,6,11,500,129.77601448694864,1.027834177017212,0.9273532204392131,0.9205095066592954,0.9264041044677191,0.9351460501906246,4.35929306901342,0.03503870521458851,0.0060129148495346755,COMPLETE
242,0.9273532204392131,2023-09-04 00:25:27.529600,2023-09-04 00:32:43.162722,0 days 00:07:15.633122,0.0,6,11,500,143.90475487709045,1.230928897857666,0.9273532204392131,0.9205095066592954,0.9264041044677191,0.9351460501906246,4.501677888522997,0.09195858744951503,0.0060129148495346755,COMPLETE
243,0.9273532204392131,2023-09-04 00:26:22.864033,2023-09-04 00:33:39.636090,0 days 00:07:16.772057,0.0,6,11,500,144.26011951764426,1.2425458431243896,0.9273532204392131,0.9205095066592954,0.9264041044677191,0.9351460501906246,5.4073904394198165,0.0647294306951594,0.0060129148495346755,COMPLETE
244,0.9273532204392131,2023-09-04 00:26:35.533117,2023-09-04 00:33:10.330232,0 days 00:06:34.797115,0.0,6,11,500,130.22942209243774,1.3012547492980957,0.9273532204392131,0.9205095066592954,0.9264041044677191,0.9351460501906246,4.182237963123057,0.24134298640278185,0.0060129148495346755,COMPLETE
245,0.9273532204392131,2023-09-04 00:27:10.413195,2023-09-04 00:34:26.631600,0 days 00:07:16.218405,0.0,6,11,500,144.02967619895935,1.3097693125406902,0.9273532204392131,0.9205095066592954,0.9264041044677191,0.9351460501906246,6.255289928311483,0.31988425535110726,0.0060129148495346755,COMPLETE
246,0.9273532204392131,2023-09-04 00:27:49.729187,2023-09-04 00:34:23.434993,0 days 00:06:33.705806,0.0,6,11,500,130.11414257685342,1.0521709124247234,0.9273532204392131,0.9205095066592954,0.9264041044677191,0.9351460501906246,4.296881786645693,0.044338968466100415,0.0060129148495346755,COMPLETE
247,0.9273532204392131,2023-09-04 00:27:56.716008,2023-09-04 00:34:29.849741,0 days 00:06:33.133733,0.0,6,11,500,129.6026986440023,1.37417999903361,0.9273532204392131,0.9205095066592954,0.9264041044677191,0.9351460501906246,3.5285104518644093,0.2748662896790632,0.0060129148495346755,COMPLETE
248,0.9273532204392131,2023-09-04 00:30:10.204849,2023-09-04 00:37:25.003183,0 days 00:07:14.798334,0.0,6,11,500,143.69633762041727,1.1460716724395752,0.9273532204392131,0.9205095066592954,0.9264041044677191,0.9351460501906246,2.836196611169019,0.04687957412893396,0.0060129148495346755,COMPLETE
249,0.9273532204392131,2023-09-04 00:31:35.418435,2023-09-04 00:38:06.324636,0 days 00:06:30.906201,0.0,6,11,500,129.2029536565145,1.0304261048634846,0.9273532204392131,0.9205095066592954,0.9264041044677191,0.9351460501906246,1.6091655008820613,0.0295489735552425,0.0060129148495346755,COMPLETE
250,0.9273532204392131,2023-09-04 00:32:43.167238,2023-09-04 00:39:53.210778,0 days 00:07:10.043540,0.0,6,11,500,141.62840803464255,1.6539159615834553,0.9273532204392131,0.9205095066592954,0.9264041044677191,0.9351460501906246,2.1674576395343683,0.7464493910962057,0.0060129148495346755,COMPLETE
251,0.9273532204392131,2023-09-04 00:33:10.336231,2023-09-04 00:39:40.618807,0 days 00:06:30.282576,0.0,6,11,500,128.38386527697244,1.6323057015736897,0.9273532204392131,0.9205095066592954,0.9264041044677191,0.9351460501906246,2.0944835881823107,0.8393160003741356,0.0060129148495346755,COMPLETE
252,0.9273532204392131,2023-09-04 00:33:39.643089,2023-09-04 00:40:46.338705,0 days 00:07:06.695616,0.0,6,11,500,141.03362131118774,1.1138707796732585,0.9273532204392131,0.9205095066592954,0.9264041044677191,0.9351460501906246,2.5863579601212123,0.024882682987224288,0.0060129148495346755,COMPLETE
253,0.9273532204392131,2023-09-04 00:34:23.446995,2023-09-04 00:40:52.036955,0 days 00:06:28.589960,0.0,6,11,500,128.35822733243307,1.106215238571167,0.9273532204392131,0.9205095066592954,0.9264041044677191,0.9351460501906246,4.069779570380965,0.07268659673763558,0.0060129148495346755,COMPLETE
254,0.9273532204392131,2023-09-04 00:34:26.640603,2023-09-04 00:41:31.875308,0 days 00:07:05.234705,0.0,6,11,500,140.4994858900706,1.1855684121449788,0.9273532204392131,0.9205095066592954,0.9264041044677191,0.9351460501906246,3.8718152063669087,0.07226003015627837,0.0060129148495346755,COMPLETE
255,0.9273532204392131,2023-09-04 00:34:29.856742,2023-09-04 00:41:00.418371,0 days 00:06:30.561629,0.0,6,11,500,129.0622008641561,1.0573137601216633,0.9273532204392131,0.9205095066592954,0.9264041044677191,0.9351460501906246,4.578733229084367,0.05237053189709738,0.0060129148495346755,COMPLETE
256,0.9273532204392131,2023-09-04 00:37:25.009184,2023-09-04 00:44:42.201892,0 days 00:07:17.192708,0.0,6,11,500,143.8725424607595,1.769991159439087,0.9273532204392131,0.9205095066592954,0.9264041044677191,0.9351460501906246,6.527747991218874,0.42784724021901854,0.0060129148495346755,COMPLETE
257,0.9273532204392131,2023-09-04 00:38:06.330635,2023-09-04 00:44:39.270191,0 days 00:06:32.939556,0.0,6,11,500,129.81656169891357,1.094592809677124,0.9273532204392131,0.9205095066592954,0.9264041044677191,0.9351460501906246,2.7809818098421206,0.03678350139890561,0.0060129148495346755,COMPLETE
258,0.9273532204392131,2023-09-04 00:39:40.626807,2023-09-04 00:46:11.171845,0 days 00:06:30.545038,0.0,6,11,500,128.95671137173971,1.1514445145924885,0.9273532204392131,0.9205095066592954,0.9264041044677191,0.9351460501906246,1.6743017377783136,0.15984617513615582,0.0060129148495346755,COMPLETE
259,0.9273532204392131,2023-09-04 00:39:53.217316,2023-09-04 00:47:09.988541,0 days 00:07:16.771225,0.0,6,11,500,143.9828837712606,1.538679599761963,0.9273532204392131,0.9205095066592954,0.9264041044677191,0.9351460501906246,2.614708805460494,0.5838299842259889,0.0060129148495346755,COMPLETE
260,0.9273532204392131,2023-09-04 00:40:46.344704,2023-09-04 00:48:02.151977,0 days 00:07:15.807273,0.0,6,11,500,144.00000802675882,1.198391596476237,0.9273532204392131,0.9205095066592954,0.9264041044677191,0.9351460501906246,1.3293800380487666,0.022209209887509757,0.0060129148495346755,COMPLETE
261,0.9273532204392131,2023-09-04 00:40:52.042953,2023-09-04 00:47:22.172043,0 days 00:06:30.129090,0.0,6,11,500,128.95131754875183,1.0133515199025471,0.9273532204392131,0.9205095066592954,0.9264041044677191,0.9351460501906246,2.3490818658957244,0.02847194641173583,0.0060129148495346755,COMPLETE
262,0.9273532204392131,2023-09-04 00:41:00.438908,2023-09-04 00:47:31.237842,0 days 00:06:30.798934,0.0,6,11,500,129.1581650575002,1.0208600362141926,0.9273532204392131,0.9205095066592954,0.9264041044677191,0.9351460501906246,2.241596527303167,0.03983456731913853,0.0060129148495346755,COMPLETE
263,0.9273532204392131,2023-09-04 00:41:31.880308,2023-09-04 00:48:47.476634,0 days 00:07:15.596326,0.0,6,11,500,143.8920203844706,1.2257309754689534,0.9273532204392131,0.9205095066592954,0.9264041044677191,0.9351460501906246,1.3763324480214139,0.022816855854541768,0.0060129148495346755,COMPLETE
264,0.9273532204392131,2023-09-04 00:44:39.279196,2023-09-04 00:51:11.708425,0 days 00:06:32.429229,0.0,6,11,500,129.6930160522461,1.0410343011220295,0.9273532204392131,0.9205095066592954,0.9264041044677191,0.9351460501906246,4.977914660846368,0.05905863798954934,0.0060129148495346755,COMPLETE
265,0.9273532204392131,2023-09-04 00:44:42.207887,2023-09-04 00:51:49.434673,0 days 00:07:07.226786,0.0,6,11,500,141.20952693621317,1.1211832364400227,0.9273532204392131,0.9205095066592954,0.9264041044677191,0.9351460501906246,4.011823061158292,0.0668754431320501,0.0060129148495346755,COMPLETE
266,0.9273532204392131,2023-09-04 00:46:11.177843,2023-09-04 00:52:45.386825,0 days 00:06:34.208982,0.0,6,11,500,130.16053167978922,1.1727649370829265,0.9273532204392131,0.9205095066592954,0.9264041044677191,0.9351460501906246,2.153053742313923,0.09766324333822658,0.0060129148495346755,COMPLETE
267,0.9273532204392131,2023-09-04 00:47:09.994543,2023-09-04 00:54:19.568268,0 days 00:07:09.573725,0.0,6,11,500,141.67969258626303,1.431005318959554,0.9273532204392131,0.9205095066592954,0.9264041044677191,0.9351460501906246,3.1355987687533498,0.4772004236524852,0.0060129148495346755,COMPLETE
268,0.9273532204392131,2023-09-04 00:47:22.177041,2023-09-04 00:53:54.954845,0 days 00:06:32.777804,0.0,6,11,500,129.62615418434143,1.2297631899515789,0.9273532204392131,0.9205095066592954,0.9264041044677191,0.9351460501906246,1.7743962936504911,0.2774900478589023,0.0060129148495346755,COMPLETE
269,0.9273532204392131,2023-09-04 00:47:31.242839,2023-09-04 00:54:06.555702,0 days 00:06:35.312863,0.0,6,11,500,130.3261022567749,1.3831576506296794,0.9273532204392131,0.9205095066592954,0.9264041044677191,0.9351460501906246,1.2562831914391572,0.27301005592426175,0.0060129148495346755,COMPLETE
270,0.9273532204392131,2023-09-04 00:48:02.157979,2023-09-04 00:55:10.829826,0 days 00:07:08.671847,0.0,6,11,500,141.61502639452615,1.1907192866007488,0.9273532204392131,0.9205095066592954,0.9264041044677191,0.9351460501906246,2.7000760582502585,0.126693790446761,0.0060129148495346755,COMPLETE
271,0.9062251586711906,2023-09-04 00:48:47.482635,2023-09-04 00:55:52.351284,0 days 00:07:04.868649,0.0075,6,11,500,140.65505305926004,0.8944780031840006,0.9062251586711906,0.8998523911236933,0.9037587419983897,0.9150643428914889,3.5615295492350247,0.09151277103781055,0.006450492361018517,COMPLETE
272,0.9062251586711906,2023-09-04 00:51:11.715423,2023-09-04 00:57:45.685668,0 days 00:06:33.970245,0.0075,6,11,500,130.40759992599487,0.8504612445831299,0.9062251586711906,0.8998523911236933,0.9037587419983897,0.9150643428914889,5.773333453903098,0.10961834384297277,0.006450492361018517,COMPLETE
273,0.9273532204392131,2023-09-04 00:51:49.440682,2023-09-04 00:59:02.677719,0 days 00:07:13.237037,0.0,6,11,500,143.1767848332723,1.1702057520548503,0.9273532204392131,0.9205095066592954,0.9264041044677191,0.9351460501906246,7.135708514126464,0.03064488835068722,0.0060129148495346755,COMPLETE
274,0.9273532204392131,2023-09-04 00:52:45.393828,2023-09-04 00:59:21.268393,0 days 00:06:35.874565,0.0,6,11,500,130.84517606099448,1.0296568075815837,0.9273532204392131,0.9205095066592954,0.9264041044677191,0.9351460501906246,5.800529868054912,0.020686223819883668,0.0060129148495346755,COMPLETE
275,0.9273532204392131,2023-09-04 00:53:54.962846,2023-09-04 01:00:29.760555,0 days 00:06:34.797709,0.0,6,11,500,130.42416206995645,1.1127183437347412,0.9273532204392131,0.9205095066592954,0.9264041044677191,0.9351460501906246,4.476048834929669,0.13856320015814272,0.0060129148495346755,COMPLETE
276,0.9273532204392131,2023-09-04 00:54:06.573700,2023-09-04 01:00:42.575288,0 days 00:06:36.001588,0.0,6,11,500,130.87911518414816,1.053056240081787,0.9273532204392131,0.9205095066592954,0.9264041044677191,0.9351460501906246,4.4483244468316725,0.07403175988902018,0.0060129148495346755,COMPLETE
277,0.9273532204392131,2023-09-04 00:54:19.577268,2023-09-04 01:01:38.748798,0 days 00:07:19.171530,0.0,6,11,500,145.18992511431375,1.1260426839192708,0.9273532204392131,0.9205095066592954,0.9264041044677191,0.9351460501906246,7.049182659523818,0.05829192582274295,0.0060129148495346755,COMPLETE
278,0.9273532204392131,2023-09-04 00:55:10.845826,2023-09-04 01:02:33.019436,0 days 00:07:22.173610,0.0,6,11,500,146.17509937286377,1.1428484916687012,0.9273532204392131,0.9205095066592954,0.9264041044677191,0.9351460501906246,7.933773059960157,0.0638752701129223,0.0060129148495346755,COMPLETE
279,0.9273532204392131,2023-09-04 00:55:52.368285,2023-09-04 01:03:25.979049,0 days 00:07:33.610764,0.0,6,11,500,149.37708322207132,1.7534770965576172,0.9273532204392131,0.9205095066592954,0.9264041044677191,0.9351460501906246,5.2224914979515855,0.21476218346798834,0.0060129148495346755,COMPLETE
280,0.9273532204392131,2023-09-04 00:57:45.696667,2023-09-04 01:04:24.214186,0 days 00:06:38.517519,0.0,6,11,500,131.63890727361044,1.1245591640472412,0.9273532204392131,0.9205095066592954,0.9264041044677191,0.9351460501906246,6.813018663887727,0.06381347698781467,0.0060129148495346755,COMPLETE
281,0.9273532204392131,2023-09-04 00:59:02.682729,2023-09-04 01:06:34.759598,0 days 00:07:32.076869,0.0,6,11,500,149.35417755444846,1.26725172996521,0.9273532204392131,0.9205095066592954,0.9264041044677191,0.9351460501906246,6.772915887893398,0.13094272674728397,0.0060129148495346755,COMPLETE
282,0.9273532204392131,2023-09-04 00:59:21.274391,2023-09-04 01:06:02.360423,0 days 00:06:41.086032,0.0,6,11,500,132.22429871559143,1.4096897443135579,0.9273532204392131,0.9205095066592954,0.9264041044677191,0.9351460501906246,5.292391575680492,0.24171033852418836,0.0060129148495346755,COMPLETE
283,0.9273532204392131,2023-09-04 01:00:29.766553,2023-09-04 01:07:13.147869,0 days 00:06:43.381316,0.0,6,11,500,133.26666720708212,1.1297430197397869,0.9273532204392131,0.9205095066592954,0.9264041044677191,0.9351460501906246,4.560821249962295,0.09968699756181057,0.0060129148495346755,COMPLETE
284,0.9273532204392131,2023-09-04 01:00:42.581291,2023-09-04 01:07:27.169822,0 days 00:06:44.588531,0.0,6,11,500,133.79864541689554,0.9888379573822021,0.9273532204392131,0.9205095066592954,0.9264041044677191,0.9351460501906246,5.162555314825083,0.015940198491831332,0.0060129148495346755,COMPLETE
285,0.9273532204392131,2023-09-04 01:01:38.753795,2023-09-04 01:09:04.678670,0 days 00:07:25.924875,0.0,6,11,500,147.45534308751425,1.1125898361206055,0.9273532204392131,0.9205095066592954,0.9264041044677191,0.9351460501906246,2.8766398239595024,0.05190388648412839,0.0060129148495346755,COMPLETE
286,0.9273532204392131,2023-09-04 01:02:33.030434,2023-09-04 01:09:50.594770,0 days 00:07:17.564336,0.0,6,11,500,144.69903818766275,1.0793875058492024,0.9273532204392131,0.9205095066592954,0.9264041044677191,0.9351460501906246,6.124647265945995,0.02281077582201879,0.0060129148495346755,COMPLETE
287,0.9273532204392131,2023-09-04 01:03:25.986575,2023-09-04 01:10:36.311081,0 days 00:07:10.324506,0.0,6,11,500,142.21307754516602,1.1095497608184814,0.9273532204392131,0.9205095066592954,0.9264041044677191,0.9351460501906246,3.008335729581308,0.03599080196644533,0.0060129148495346755,COMPLETE
288,0.9273532204392131,2023-09-04 01:04:24.220187,2023-09-04 01:10:53.747858,0 days 00:06:29.527671,0.0,6,11,500,128.6016193230947,1.1665770212809246,0.9273532204392131,0.9205095066592954,0.9264041044677191,0.9351460501906246,0.4691993905157359,0.15464395578912551,0.0060129148495346755,COMPLETE
289,0.9273532204392131,2023-09-04 01:06:02.367423,2023-09-04 01:12:25.186266,0 days 00:06:22.818843,0.0,6,11,500,126.1971914768219,1.328709602355957,0.9273532204392131,0.9205095066592954,0.9264041044677191,0.9351460501906246,2.002609265920513,0.40873416549519614,0.0060129148495346755,COMPLETE
290,0.9273532204392131,2023-09-04 01:06:34.788610,2023-09-04 01:13:25.398087,0 days 00:06:50.609477,0.0,6,11,500,135.62302915255228,1.1279327869415283,0.9273532204392131,0.9205095066592954,0.9264041044677191,0.9351460501906246,0.4832086666592981,0.08587661482891647,0.0060129148495346755,COMPLETE
291,0.9273532204392131,2023-09-04 01:07:13.158871,2023-09-04 01:13:33.888398,0 days 00:06:20.729527,0.0,6,11,500,125.55863412221272,1.281854470570882,0.9273532204392131,0.9205095066592954,0.9264041044677191,0.9351460501906246,3.0765479400217455,0.37754381664510717,0.0060129148495346755,COMPLETE
292,0.9274593277291111,2023-09-04 01:07:27.175823,2023-09-04 01:10:53.509786,0 days 00:03:26.333963,0.0,3,11,500,67.64261094729106,1.0698455174763997,0.9274593277291111,0.9204341705732891,0.926070430305787,0.9358733823082571,2.5881825900441178,0.1178309444792394,0.006379085189830934,COMPLETE
293,0.9273532204392131,2023-09-04 01:09:04.685667,2023-09-04 01:15:29.435321,0 days 00:06:24.749654,0.0,6,11,500,127.16198563575745,1.0288705031077068,0.9273532204392131,0.9205095066592954,0.9264041044677191,0.9351460501906246,7.089598019550278,0.13632658538039732,0.0060129148495346755,COMPLETE
294,0.9273532204392131,2023-09-04 01:09:50.601767,2023-09-04 01:16:02.744991,0 days 00:06:12.143224,0.0,6,11,500,123.02070148785909,0.9590115547180176,0.9273532204392131,0.9205095066592954,0.9264041044677191,0.9351460501906246,8.78726344367063,0.21820173166292928,0.0060129148495346755,COMPLETE
295,0.9273532204392131,2023-09-04 01:10:36.318079,2023-09-04 01:16:32.626502,0 days 00:05:56.308423,0.0,6,11,500,117.8131075700124,0.8910122712453207,0.9273532204392131,0.9205095066592954,0.9264041044677191,0.9351460501906246,12.434220980545055,0.17978720321301414,0.0060129148495346755,COMPLETE
296,0.9271900213167864,2023-09-04 01:10:53.517782,2023-09-04 01:15:15.718113,0 days 00:04:22.200331,0.0,4,11,500,86.24522018432617,1.0898679097493489,0.9271900213167864,0.9207495672305611,0.9256774936227629,0.935143003097035,1.3225829574570676,0.055196525987233756,0.005972635042673952,COMPLETE
297,0.9271900213167864,2023-09-04 01:10:53.759388,2023-09-04 01:15:15.949718,0 days 00:04:22.190330,0.0,4,11,500,85.93242383003235,1.3584849834442139,0.9271900213167864,0.9207495672305611,0.9256774936227629,0.935143003097035,1.3856652766888913,0.23313002150614337,0.005972635042673952,COMPLETE
298,0.9261675887928646,2023-09-04 01:12:25.192269,2023-09-04 01:18:13.539737,0 days 00:05:48.347468,0.0,7,11,500,115.35921080907185,0.6882584889729818,0.9261675887928646,0.9202725566246648,0.9230373843632086,0.9351928253907204,14.121711171016143,0.1536127045898978,0.00648085590239498,COMPLETE
299,0.9271900213167864,2023-09-04 01:13:25.410610,2023-09-04 01:17:06.378989,0 days 00:03:40.968379,0.0,4,11,500,72.79888288180034,0.781210740407308,0.9271900213167864,0.9207495672305611,0.9256774936227629,0.935143003097035,6.099785682751916,0.12528644002467973,0.005972635042673952,COMPLETE
