number,value,datetime_start,datetime_complete,duration,params_ccp_alpha,params_class_weight,params_max_features,params_min_samples_leaf,params_n_estimators,user_attrs_mean_fit_time,user_attrs_mean_score_time,user_attrs_mean_test_score,user_attrs_split0_test_score,user_attrs_split1_test_score,user_attrs_split2_test_score,user_attrs_std_fit_time,user_attrs_std_score_time,user_attrs_std_test_score,state
0,0.9255430389315374,2023-09-04 16:59:31.825241,2023-09-04 17:01:31.392981,0 days 00:01:59.567740,0.0,balanced,8,31,100,39.432976166407265,0.2966163953145345,0.9255430389315374,0.9182700471857532,0.9240300905999261,0.934328979008933,1.993876186121333,0.03296512020398674,0.006642744528981871,COMPLETE
1,0.906667504127045,2023-09-04 16:59:31.876242,2023-09-04 17:04:34.919878,0 days 00:05:03.043636,0.01,balanced,4,1,400,100.38064074516296,0.5436755816141764,0.906667504127045,0.8992182410595503,0.9071120049715974,0.9136722663499871,1.790281066874629,0.040894025109418114,0.005909196083210908,COMPLETE
2,0.8800542188799249,2023-09-04 16:59:31.894261,2023-09-04 17:04:41.326951,0 days 00:05:09.432690,0.01,,3,1,400,102.33677196502686,0.7292283376057943,0.8800542188799249,0.876407328821749,0.8726498961430951,0.8911054316749307,1.7584052542600317,0.18992036912747506,0.007963523226312542,COMPLETE
3,0.9262041700768916,2023-09-04 16:59:31.942798,2023-09-04 17:05:32.837661,0 days 00:06:00.894863,0.0,balanced,7,31,300,119.13026547431946,1.1104711691538494,0.9262041700768916,0.9198139062265522,0.9234725395331225,0.9353260644710003,1.8506186660296955,0.6226131947102975,0.006620831640659612,COMPLETE
4,0.9054623750155727,2023-09-04 16:59:31.986808,2023-09-04 17:03:36.893154,0 days 00:04:04.906346,0.01,balanced,3,31,500,80.83426554997762,0.7558062871297201,0.9054623750155727,0.8978441634810752,0.9048297104129386,0.9137132511527042,2.071487270904786,0.11251327061793913,0.00649395535643372,COMPLETE
5,0.9053783902668653,2023-09-04 16:59:32.012344,2023-09-04 17:04:09.108140,0 days 00:04:37.095796,0.01,balanced,4,11,400,91.7167359193166,0.5683667659759521,0.9053783902668653,0.9015910389461169,0.9013591337935773,0.9131849980609017,2.988549214288956,0.04847360131103941,0.00552091713017416,COMPLETE
6,0.9191067484819165,2023-09-04 16:59:32.034350,2023-09-04 17:02:37.212406,0 days 00:03:05.178056,0.0025,balanced,3,11,300,61.13382808367411,0.49934840202331543,0.9191067484819165,0.9082069009026269,0.9209871904002693,0.9281261541428535,1.5829115642965204,0.017645849596190477,0.00823999226408589,COMPLETE
7,0.881776186713887,2023-09-04 16:59:32.050350,2023-09-04 17:05:27.240091,0 days 00:05:55.189741,0.005,,6,31,300,117.63009579976399,0.6603051026662191,0.881776186713887,0.8777337531012368,0.8762278606443015,0.8913669463961231,2.586249046157758,0.22996373260601485,0.00680949980956831,COMPLETE
8,0.905546691159607,2023-09-04 17:01:31.467541,2023-09-04 17:06:02.542489,0 days 00:04:31.074948,0.005,balanced,6,31,300,89.91948469479878,0.42999593416849774,0.905546691159607,0.9016174800467126,0.9021688165542296,0.9128537768778787,3.1356735291943933,0.014800383802786258,0.005171790099940141,COMPLETE
9,0.9161671357615493,2023-09-04 17:02:37.329448,2023-09-04 17:07:31.170594,0 days 00:04:53.841146,0.0025,balanced,4,21,400,97.29432209332784,0.640390952428182,0.9161671357615493,0.9093055584223577,0.9123232690448333,0.9268725798174571,1.0328561311970006,0.01734983263709734,0.007669486887481579,COMPLETE
10,0.9176787366950098,2023-09-04 17:03:36.998719,2023-09-04 17:06:38.344164,0 days 00:03:01.345445,0.0,balanced,5,1,200,60.048014402389526,0.38812677065531415,0.9176787366950098,0.9094333879463347,0.9154731645191423,0.9281296576195522,3.3703804353226925,0.011574037125435775,0.007790423026196516,COMPLETE
11,0.9264931218116764,2023-09-04 17:04:09.142143,2023-09-04 17:07:06.368590,0 days 00:02:57.226447,0.0,,5,21,200,58.65649573008219,0.4119856357574463,0.9264931218116764,0.9211601179381773,0.9222641523035215,0.9360550951933303,0.821210083759797,0.0386378820773341,0.006776342385267475,COMPLETE
12,0.910544784330737,2023-09-04 17:04:34.930880,2023-09-04 17:09:57.179577,0 days 00:05:22.248697,0.0025,balanced,5,11,400,106.87373940149944,0.5368272463480631,0.910544784330737,0.906856929810472,0.9043980781782026,0.9203793450035362,0.8659720641177379,0.012497324771836687,0.007026161852088069,COMPLETE
13,0.905835859304184,2023-09-04 17:04:41.340951,2023-09-04 17:05:52.419288,0 days 00:01:11.078337,0.005,balanced,4,41,100,23.515560229619343,0.16788593928019205,0.905835859304184,0.8977510680447635,0.9027871025656737,0.9169694073021148,0.5500017516592905,0.01368655797295381,0.008136638502912706,COMPLETE
14,0.8850670823297393,2023-09-04 17:05:27.310558,2023-09-04 17:14:29.021901,0 days 00:09:01.711343,0.005,,6,1,400,179.989222685496,0.5678651332855225,0.8850670823297393,0.8804995886206985,0.8782388295814878,0.8964628287870315,3.4363443785901393,0.07672532821947202,0.008110694004317584,COMPLETE
15,0.9261756048122316,2023-09-04 17:05:32.857661,2023-09-04 17:14:18.687563,0 days 00:08:45.829902,0.0,,6,41,500,174.1111845175425,1.1561164855957031,0.9261756048122316,0.9190052868559031,0.9235500446268464,0.935971482953945,3.3816790558938212,0.16631710560231186,0.00717091938431947,COMPLETE
16,0.8372567221012556,2023-09-04 17:05:52.424287,2023-09-04 17:07:39.201197,0 days 00:01:46.776910,0.01,,6,41,100,35.42589561144511,0.15623203913370767,0.8372567221012556,0.8309877370987083,0.8257146806214697,0.8550677485835882,0.2963784566922806,0.012984975470041852,0.012776952673174411,COMPLETE
17,0.9260343788891272,2023-09-04 17:06:02.550499,2023-09-04 17:09:56.168240,0 days 00:03:53.617741,0.0,,8,51,200,77.43109885851543,0.35611772537231445,0.9260343788891272,0.9174629750608696,0.9251526084154142,0.9354875531910978,1.0892192929445406,0.016071473430677267,0.0073848716337030955,COMPLETE
18,0.9259946726990872,2023-09-04 17:06:38.349164,2023-09-04 17:08:35.094248,0 days 00:01:56.745084,0.0,,8,51,100,38.69563174247742,0.18288564682006836,0.9259946726990872,0.9183370092613247,0.9244082353961446,0.9352387734397923,0.551662694536812,0.012523557033109358,0.0069907079075612515,COMPLETE
19,0.8968883074309076,2023-09-04 17:07:06.374594,2023-09-04 17:10:33.690335,0 days 00:03:27.315741,0.0025,,7,51,200,68.80481719970703,0.25225377082824707,0.8968883074309076,0.8955957470179742,0.8877258687007336,0.9073433065740153,0.27780171726323266,0.020421874228391215,0.008060769255839434,COMPLETE
20,0.9260343788891272,2023-09-04 17:07:31.177120,2023-09-04 17:11:55.683712,0 days 00:04:24.506592,0.0,,8,51,200,87.71286908785503,0.41214195887247723,0.9260343788891272,0.9174629750608696,0.9251526084154142,0.9354875531910978,3.4900548956888064,0.012027132391059613,0.0073848716337030955,COMPLETE
21,0.9260343788891272,2023-09-04 17:07:39.206198,2023-09-04 17:12:02.650868,0 days 00:04:23.444670,0.0,,8,51,200,87.36002731323242,0.4110103448232015,0.9260343788891272,0.9174629750608696,0.9251526084154142,0.9354875531910978,3.476040026264788,0.008164178611163989,0.0073848716337030955,COMPLETE
22,0.8974647195403072,2023-09-04 17:08:35.099768,2023-09-04 17:12:24.151815,0 days 00:03:49.052047,0.0025,,7,21,200,76.07219703992207,0.2396399180094401,0.8974647195403072,0.8930208811690078,0.8916973086945595,0.9076759687573541,2.0600615634111685,0.011775742033976504,0.007240633901957343,COMPLETE
23,0.8974647195403072,2023-09-04 17:09:56.175241,2023-09-04 17:13:45.551564,0 days 00:03:49.376323,0.0025,,7,21,200,76.07579723993938,0.3377973238627116,0.8974647195403072,0.8930208811690078,0.8916973086945595,0.9076759687573541,3.2454420900873804,0.10342482569603442,0.007240633901957343,COMPLETE
24,0.8433776646570431,2023-09-04 17:09:57.188578,2023-09-04 17:13:47.303206,0 days 00:03:50.114628,0.0075,,7,21,200,76.39943361282349,0.2589256763458252,0.8433776646570431,0.8262339180138427,0.8281385293826049,0.8757605465746818,2.5988282970850602,0.02288889051709962,0.022911353329522058,COMPLETE
25,0.8433776646570431,2023-09-04 17:10:33.703338,2023-09-04 17:14:25.623815,0 days 00:03:51.920477,0.0075,,7,21,200,77.02473187446594,0.24124884605407715,0.8433776646570431,0.8262339180138427,0.8281385293826049,0.8757605465746818,3.0626368740957624,0.006792089381815601,0.022911353329522058,COMPLETE
26,0.8618011831609834,2023-09-04 17:11:55.689703,2023-09-04 17:22:49.367358,0 days 00:10:53.677655,0.0075,,7,21,500,217.1446284453074,0.6838943958282471,0.8618011831609834,0.8460923125124459,0.863632943392598,0.8756782935779062,5.368599501222639,0.012213786503318473,0.01214767681660537,COMPLETE
27,0.8618011831609834,2023-09-04 17:12:02.664400,2023-09-04 17:22:57.300005,0 days 00:10:54.635605,0.0075,,7,21,500,217.37938372294107,0.7849592367808024,0.8618011831609834,0.8460923125124459,0.863632943392598,0.8756782935779062,5.6137411118645035,0.07841741970369376,0.01214767681660537,COMPLETE
28,0.855306934977237,2023-09-04 17:12:24.156826,2023-09-04 17:17:46.542837,0 days 00:05:22.386011,0.0075,,7,41,300,107.0542094707489,0.36377573013305664,0.855306934977237,0.8455131946459917,0.8425146443138246,0.8778929659718946,2.1821039285248314,0.029948876233266038,0.016017582487012218,COMPLETE
29,0.855306934977237,2023-09-04 17:13:45.556564,2023-09-04 17:19:09.792075,0 days 00:05:24.235511,0.0075,,7,41,300,107.65035223960876,0.38729039827982586,0.855306934977237,0.8455131946459917,0.8425146443138246,0.8778929659718946,2.4858538205603216,0.022555164280890095,0.016017582487012218,COMPLETE
30,0.9257921944630252,2023-09-04 17:13:47.310203,2023-09-04 17:17:43.337158,0 days 00:03:56.026955,0.0,,5,41,300,78.10196208953857,0.5270075003306071,0.9257921944630252,0.9184677092902884,0.9233926115334115,0.9355162625653758,1.2693417166958842,0.01789703502251788,0.007163881204600542,COMPLETE
31,0.9258847347301643,2023-09-04 17:14:18.695573,2023-09-04 17:21:46.740819,0 days 00:07:28.045246,0.0,,5,41,500,148.15696438153586,1.1490741570790608,0.9258847347301643,0.9185048715791465,0.9237895628455517,0.9353597697657945,2.82024310607756,0.20972110681317793,0.0070386649842196876,COMPLETE
32,0.9258847347301643,2023-09-04 17:14:25.632812,2023-09-04 17:20:57.422017,0 days 00:06:31.789205,0.0,,5,41,500,129.63405394554138,0.9175050258636475,0.9258847347301643,0.9185048715791465,0.9237895628455517,0.9353597697657945,2.2273757727390024,0.01099973913373903,0.0070386649842196876,COMPLETE
33,0.9258847347301643,2023-09-04 17:14:29.026900,2023-09-04 17:21:56.926246,0 days 00:07:27.899346,0.0,,5,41,500,148.27158840497336,0.9776814778645834,0.9258847347301643,0.9185048715791465,0.9237895628455517,0.9353597697657945,2.564389355334461,0.008157386478620446,0.0070386649842196876,COMPLETE
34,0.9258847347301643,2023-09-04 17:17:43.351160,2023-09-04 17:24:21.284480,0 days 00:06:37.933320,0.0,,5,41,500,131.7196122010549,0.875140905380249,0.9258847347301643,0.9185048715791465,0.9237895628455517,0.9353597697657945,2.5146822381222753,0.002057336294575863,0.0070386649842196876,COMPLETE
35,0.9260598081672541,2023-09-04 17:17:46.553841,2023-09-04 17:23:51.998089,0 days 00:06:05.444248,0.0,balanced,5,31,500,120.89068873723348,0.8743697007497152,0.9260598081672541,0.9197894371867646,0.9227030119324152,0.9356869753825826,3.3700604292160974,0.02153010360485876,0.006910571172416185,COMPLETE
36,0.9260598081672541,2023-09-04 17:19:09.799074,2023-09-04 17:25:13.664111,0 days 00:06:03.865037,0.0,balanced,5,31,500,120.35186839103699,0.8927914301554362,0.9260598081672541,0.9197894371867646,0.9227030119324152,0.9356869753825826,4.026550005214082,0.03476858973948979,0.006910571172416185,COMPLETE
37,0.9265480423904958,2023-09-04 17:20:57.429014,2023-09-04 17:28:08.560099,0 days 00:07:11.131085,0.0,balanced,6,31,500,142.7033478418986,0.9563202063242594,0.9265480423904958,0.9198367017456122,0.9240458552237412,0.935761570202134,1.888769515196219,0.10663597798750438,0.006737757505406124,COMPLETE
38,0.9254560010613458,2023-09-04 17:21:46.746818,2023-09-04 17:24:04.725052,0 days 00:02:17.978234,0.0,,8,31,100,45.73182304700216,0.2115642229715983,0.9254560010613458,0.9188875913643504,0.9229621682091833,0.9345182436105037,0.7570166151431488,0.026230134630713962,0.006620358707851529,COMPLETE
39,0.9255430389315374,2023-09-04 17:21:56.931247,2023-09-04 17:23:58.644524,0 days 00:02:01.713277,0.0,balanced,8,31,100,40.323002099990845,0.20506501197814941,0.9255430389315374,0.9182700471857532,0.9240300905999261,0.934328979008933,1.3963026128426923,0.013932942048784286,0.006642744528981871,COMPLETE
40,0.9255430389315374,2023-09-04 17:22:49.373374,2023-09-04 17:24:50.244071,0 days 00:02:00.870697,0.0,balanced,8,31,100,40.03512477874756,0.20241093635559082,0.9255430389315374,0.9182700471857532,0.9240300905999261,0.934328979008933,0.9864046939285183,0.004787527861107226,0.006642744528981871,COMPLETE
41,0.9255430389315374,2023-09-04 17:22:57.306009,2023-09-04 17:25:00.687470,0 days 00:02:03.381461,0.0,balanced,8,31,100,40.796011447906494,0.28395827611287433,0.9255430389315374,0.9182700471857532,0.9240300905999261,0.934328979008933,1.7276192169309963,0.11863263656953733,0.006642744528981871,COMPLETE
42,0.9097394638204657,2023-09-04 17:23:52.004087,2023-09-04 17:29:36.482777,0 days 00:05:44.478690,0.0025,balanced,6,31,400,114.2331051826477,0.5474259853363037,0.9097394638204657,0.907967156077851,0.9049274892828904,0.9163237461006555,2.477752714082099,0.00675632533981167,0.004818331205926896,COMPLETE
43,0.9097394638204657,2023-09-04 17:23:58.650523,2023-09-04 17:30:15.032385,0 days 00:06:16.381862,0.0025,balanced,6,31,400,124.7867358525594,0.6253600915273031,0.9097394638204657,0.907967156077851,0.9049274892828904,0.9163237461006555,2.4201899472195563,0.023753212823485647,0.004818331205926896,COMPLETE
44,0.9097394638204657,2023-09-04 17:24:04.732052,2023-09-04 17:30:21.527976,0 days 00:06:16.795924,0.0025,balanced,6,31,400,124.91941523551941,0.6397051016489664,0.9097394638204657,0.907967156077851,0.9049274892828904,0.9163237461006555,2.035779224058333,0.013909353440411498,0.004818331205926896,COMPLETE
45,0.9097394638204657,2023-09-04 17:24:21.290478,2023-09-04 17:30:03.597793,0 days 00:05:42.307315,0.0025,balanced,6,31,400,113.43811615308125,0.6241429646809896,0.9097394638204657,0.907967156077851,0.9049274892828904,0.9163237461006555,2.3203871821075985,0.11929898263416408,0.004818331205926896,COMPLETE
46,0.9097394638204657,2023-09-04 17:24:50.255068,2023-09-04 17:31:07.327993,0 days 00:06:17.072925,0.0025,balanced,6,31,400,125.0447850227356,0.5950093269348145,0.9097394638204657,0.907967156077851,0.9049274892828904,0.9163237461006555,2.927586892922588,0.04938664988463717,0.004818331205926896,COMPLETE
47,0.9103984036799333,2023-09-04 17:25:00.695465,2023-09-04 17:31:54.004347,0 days 00:06:53.308882,0.0025,balanced,6,11,400,137.0902292728424,0.6220328013102213,0.9103984036799333,0.9087470093423693,0.9057591429867644,0.9166890587106661,2.903495361760074,0.010081146382692965,0.004612381299394202,COMPLETE
48,0.9097394638204657,2023-09-04 17:25:13.670110,2023-09-04 17:30:54.210077,0 days 00:05:40.539967,0.0025,balanced,6,31,400,112.9183259010315,0.5464831193288168,0.9097394638204657,0.907967156077851,0.9049274892828904,0.9163237461006555,2.9668708568004227,0.0059393767282034885,0.004818331205926896,COMPLETE
49,0.9097394638204657,2023-09-04 17:28:08.566101,2023-09-04 17:33:59.964253,0 days 00:05:51.398152,0.0025,balanced,6,31,400,116.22330943743388,0.8603856563568115,0.9097394638204657,0.907967156077851,0.9049274892828904,0.9163237461006555,5.484068974512463,0.34866611506408585,0.004818331205926896,COMPLETE
50,0.9130549526478665,2023-09-04 17:29:36.488777,2023-09-04 17:34:07.125888,0 days 00:04:30.637111,0.0025,balanced,4,11,400,89.57497636477153,0.5938846270243326,0.9130549526478665,0.9100502362770231,0.9081127323971986,0.9210018892693778,3.5270982201543055,0.0075903946908548086,0.00567472945439232,COMPLETE
51,0.9130549526478665,2023-09-04 17:30:03.616792,2023-09-04 17:34:34.085528,0 days 00:04:30.468736,0.0025,balanced,4,11,400,89.503604332606,0.6002852121988932,0.9130549526478665,0.9100502362770231,0.9081127323971986,0.9210018892693778,3.5511251172023117,0.022054171360224785,0.00567472945439232,COMPLETE
52,0.913515140796123,2023-09-04 17:30:15.039915,2023-09-04 17:36:36.859439,0 days 00:06:21.819524,0.0025,balanced,4,11,500,126.42340389887492,0.7999257246653239,0.913515140796123,0.9094271154877062,0.9081192517476407,0.922999055153022,6.403247820958373,0.03808403523724644,0.00672736206534635,COMPLETE
53,0.9275016470068939,2023-09-04 17:30:21.535973,2023-09-04 17:36:41.940586,0 days 00:06:20.404613,0.0,balanced,4,11,500,125.71643257141113,1.0377490520477295,0.9275016470068939,0.9212589849427332,0.925904500650759,0.9353414554271895,6.351421922839856,0.05259804868291784,0.005859018751667213,COMPLETE
54,0.9275016470068939,2023-09-04 17:30:54.219077,2023-09-04 17:36:33.626290,0 days 00:05:39.407213,0.0,balanced,4,11,500,112.1233320236206,0.9658904075622559,0.9275016470068939,0.9212589849427332,0.925904500650759,0.9353414554271895,3.129333723802417,0.04216546753602863,0.005859018751667213,COMPLETE
55,0.9275016470068939,2023-09-04 17:31:07.347998,2023-09-04 17:37:31.134384,0 days 00:06:23.786386,0.0,balanced,4,11,500,126.82977803548177,1.0443225701649983,0.9275016470068939,0.9212589849427332,0.925904500650759,0.9353414554271895,6.304927854130964,0.021080164278370474,0.005859018751667213,COMPLETE
56,0.9275016470068939,2023-09-04 17:31:54.012347,2023-09-04 17:38:18.564602,0 days 00:06:24.552255,0.0,balanced,4,11,500,126.64741508165996,1.4841482639312744,0.9275016470068939,0.9212589849427332,0.925904500650759,0.9353414554271895,5.847001277310523,0.4399164363788757,0.005859018751667213,COMPLETE
57,0.9275016470068939,2023-09-04 17:33:59.973253,2023-09-04 17:39:39.605057,0 days 00:05:39.631804,0.0,balanced,4,11,500,112.009516954422,1.1280429363250732,0.9275016470068939,0.9212589849427332,0.925904500650759,0.9353414554271895,4.725778324121289,0.09089444273339105,0.005859018751667213,COMPLETE
58,0.9266382857126833,2023-09-04 17:34:07.134416,2023-09-04 17:39:26.519754,0 days 00:05:19.385338,0.0,balanced,4,21,500,105.2549741268158,1.1592912673950195,0.9266382857126833,0.9207617964545552,0.9232896011880285,0.9358634594954661,4.481586769934855,0.1727664882208796,0.006604307820634965,COMPLETE
59,0.9268526382132021,2023-09-04 17:34:34.091528,2023-09-04 17:41:05.912375,0 days 00:06:31.820847,0.0,balanced,5,21,500,129.30490907033285,1.2551925977071126,0.9268526382132021,0.9206147030661168,0.9239559125285579,0.9359872990449315,1.6145894294953356,0.19772850709798756,0.006601638258847837,COMPLETE
60,0.9216766491457409,2023-09-04 17:36:33.634290,2023-09-04 17:41:19.248490,0 days 00:04:45.614200,0.0,balanced,3,1,500,93.75418861707051,1.3711768786112468,0.9216766491457409,0.9118760400117585,0.9221038538849127,0.9310500535405515,2.316333884714937,0.3268081109001225,0.007833584816564397,COMPLETE
61,0.9216766491457409,2023-09-04 17:36:36.872449,2023-09-04 17:41:46.014645,0 days 00:05:09.142196,0.0,balanced,3,1,500,101.45586649576823,1.5019824504852295,0.9216766491457409,0.9118760400117585,0.9221038538849127,0.9310500535405515,2.4617503042184485,0.18740387178195944,0.007833584816564397,COMPLETE
62,0.9216766491457409,2023-09-04 17:36:41.950582,2023-09-04 17:41:51.066417,0 days 00:05:09.115835,0.0,balanced,3,1,500,101.70816977818806,1.2560826142628987,0.9216766491457409,0.9118760400117585,0.9221038538849127,0.9310500535405515,2.2672733720059597,0.0932161085708858,0.007833584816564397,COMPLETE
63,0.9216766491457409,2023-09-04 17:37:31.140387,2023-09-04 17:42:35.517211,0 days 00:05:04.376824,0.0,balanced,3,1,500,99.97444732983907,1.4179636637369792,0.9216766491457409,0.9118760400117585,0.9221038538849127,0.9310500535405515,3.737111401717733,0.30876781558196964,0.007833584816564397,COMPLETE
64,0.9216766491457409,2023-09-04 17:38:18.577604,2023-09-04 17:43:23.968044,0 days 00:05:05.390440,0.0,balanced,3,1,500,100.45319724082947,1.2739260991414387,0.9216766491457409,0.9118760400117585,0.9221038538849127,0.9310500535405515,3.056863801343294,0.057589427475617995,0.007833584816564397,COMPLETE
65,0.9216766491457409,2023-09-04 17:39:26.524766,2023-09-04 17:44:12.132878,0 days 00:04:45.608112,0.0,balanced,3,1,500,93.85982735951741,1.2747719287872314,0.9216766491457409,0.9118760400117585,0.9221038538849127,0.9310500535405515,2.8148277136525826,0.09515077752857531,0.007833584816564397,COMPLETE
66,0.9216766491457409,2023-09-04 17:39:39.611061,2023-09-04 17:44:26.571970,0 days 00:04:46.960909,0.0,balanced,3,1,500,94.45683145523071,1.131757100423177,0.9216766491457409,0.9118760400117585,0.9221038538849127,0.9310500535405515,1.9649133874540345,0.055314343877969546,0.007833584816564397,COMPLETE
67,0.9216766491457409,2023-09-04 17:41:05.931380,2023-09-04 17:45:48.993798,0 days 00:04:43.062418,0.0,balanced,3,1,500,93.15254020690918,1.131576697031657,0.9216766491457409,0.9118760400117585,0.9221038538849127,0.9310500535405515,0.6368614215088347,0.0485457037192258,0.007833584816564397,COMPLETE
68,0.9270232892559577,2023-09-04 17:41:19.254489,2023-09-04 17:45:35.479957,0 days 00:04:16.225468,0.0,balanced,3,11,500,84.32796454429626,1.026829481124878,0.9270232892559577,0.9205100495212634,0.925590412272785,0.9349694059738247,1.1078376580979772,0.01595349836946714,0.005989329377720371,COMPLETE
69,0.9275016470068939,2023-09-04 17:41:46.038644,2023-09-04 17:47:44.338374,0 days 00:05:58.299730,0.0,balanced,4,11,500,118.31883072853088,1.0473798116048176,0.9275016470068939,0.9212589849427332,0.925904500650759,0.9353414554271895,2.1521733391292046,0.025423810724858463,0.005859018751667213,COMPLETE
70,0.9275016470068939,2023-09-04 17:41:51.072408,2023-09-04 17:47:49.061017,0 days 00:05:57.988609,0.0,balanced,4,11,500,118.1864680449168,1.0757081508636475,0.9275016470068939,0.9212589849427332,0.925904500650759,0.9353414554271895,3.0478611778380573,0.018345931231855187,0.005859018751667213,COMPLETE
71,0.9275016470068939,2023-09-04 17:42:35.528215,2023-09-04 17:48:37.993546,0 days 00:06:02.465331,0.0,balanced,4,11,500,119.69542050361633,1.0675061543782551,0.9275016470068939,0.9212589849427332,0.925904500650759,0.9353414554271895,4.379136726270453,0.06333867182880254,0.005859018751667213,COMPLETE
72,0.9275016470068939,2023-09-04 17:43:23.981043,2023-09-04 17:49:27.424386,0 days 00:06:03.443343,0.0,balanced,4,11,500,120.02426012357076,1.0571611722310383,0.9275016470068939,0.9212589849427332,0.925904500650759,0.9353414554271895,5.945436554461958,0.013157853369931713,0.005859018751667213,COMPLETE
73,0.9275016470068939,2023-09-04 17:44:12.149398,2023-09-04 17:49:42.017006,0 days 00:05:29.867608,0.0,balanced,4,11,500,108.88614463806152,1.0016987323760986,0.9275016470068939,0.9212589849427332,0.925904500650759,0.9353414554271895,3.496375023618167,0.0419733737699606,0.005859018751667213,COMPLETE
74,0.9275016470068939,2023-09-04 17:44:26.577968,2023-09-04 17:49:56.232221,0 days 00:05:29.654253,0.0,balanced,4,11,500,108.84891215960185,0.9833231767018636,0.9275016470068939,0.9212589849427332,0.925904500650759,0.9353414554271895,2.8936031378933893,0.01614079035867398,0.005859018751667213,COMPLETE
75,0.9275016470068939,2023-09-04 17:45:35.488956,2023-09-04 17:51:06.063292,0 days 00:05:30.574336,0.0,balanced,4,11,500,109.17240810394287,0.9675209522247314,0.9275016470068939,0.9212589849427332,0.925904500650759,0.9353414554271895,3.1529078364014747,0.023836077300090557,0.005859018751667213,COMPLETE
76,0.9106807298696394,2023-09-04 17:45:48.999794,2023-09-04 17:51:19.144004,0 days 00:05:30.144210,0.005,balanced,4,11,500,109.2988052368164,0.6994192600250244,0.9106807298696394,0.9063570944617426,0.9063882524333884,0.9192968427137873,3.358598562160732,0.029828950785205813,0.006092525098409073,COMPLETE
77,0.9106807298696394,2023-09-04 17:47:44.348368,2023-09-04 17:53:47.734019,0 days 00:06:03.385651,0.005,balanced,4,11,500,120.30694389343262,0.7559137344360352,0.9106807298696394,0.9063570944617426,0.9063882524333884,0.9192968427137873,1.3900506762217333,0.05618257320623082,0.006092525098409073,COMPLETE
78,0.9275016470068939,2023-09-04 17:47:49.067017,2023-09-04 17:53:52.732264,0 days 00:06:03.665247,0.0,balanced,4,11,500,120.06623180707295,1.094488302866618,0.9275016470068939,0.9212589849427332,0.925904500650759,0.9353414554271895,1.0591942871346312,0.019639725479944758,0.005859018751667213,COMPLETE
79,0.9275016470068939,2023-09-04 17:48:38.007548,2023-09-04 17:54:36.071504,0 days 00:05:58.063956,0.0,balanced,4,11,500,118.07935253779094,1.211274782816569,0.9275016470068939,0.9212589849427332,0.925904500650759,0.9353414554271895,2.9618740073461898,0.15515416587700767,0.005859018751667213,COMPLETE
80,0.9275016470068939,2023-09-04 17:49:27.431385,2023-09-04 17:55:27.035893,0 days 00:05:59.604508,0.0,balanced,4,11,500,118.7809743086497,1.028503179550171,0.9275016470068939,0.9212589849427332,0.925904500650759,0.9353414554271895,3.278939765108609,0.04025885079074636,0.005859018751667213,COMPLETE
81,0.9106807298696394,2023-09-04 17:49:42.026015,2023-09-04 17:55:10.027129,0 days 00:05:28.001114,0.005,balanced,4,11,500,108.5395876566569,0.7407640616099039,0.9106807298696394,0.9063570944617426,0.9063882524333884,0.9192968427137873,1.885891229366487,0.017472838202620068,0.006092525098409073,COMPLETE
82,0.9275016470068939,2023-09-04 17:49:56.238226,2023-09-04 17:55:23.470241,0 days 00:05:27.232015,0.0,balanced,4,11,500,108.06195441881816,0.9618497689565023,0.9275016470068939,0.9212589849427332,0.925904500650759,0.9353414554271895,2.7958954667009697,0.028393593671540016,0.005859018751667213,COMPLETE
83,0.9275016470068939,2023-09-04 17:51:06.071302,2023-09-04 17:56:32.974853,0 days 00:05:26.903551,0.0,balanced,4,11,500,107.73033595085144,1.1698238054911296,0.9275016470068939,0.9212589849427332,0.925904500650759,0.9353414554271895,2.978585420650727,0.28727014308886717,0.005859018751667213,COMPLETE
84,0.9275016470068939,2023-09-04 17:51:19.151003,2023-09-04 17:56:46.722515,0 days 00:05:27.571512,0.0,balanced,4,11,500,108.14213991165161,0.9820048014322916,0.9275016470068939,0.9212589849427332,0.925904500650759,0.9353414554271895,2.9637901386259267,0.05489352768729412,0.005859018751667213,COMPLETE
85,0.9275016470068939,2023-09-04 17:53:47.741549,2023-09-04 17:59:44.015447,0 days 00:05:56.273898,0.0,balanced,4,11,500,117.61220788955688,1.0935753186543782,0.9275016470068939,0.9212589849427332,0.925904500650759,0.9353414554271895,2.1325948582252288,0.0477202901086402,0.005859018751667213,COMPLETE
86,0.9066063690449924,2023-09-04 17:53:52.739787,2023-09-04 17:59:50.121047,0 days 00:05:57.381260,0.01,balanced,4,11,500,118.3354955514272,0.7327456474304199,0.9066063690449924,0.9030490343966865,0.9014988681773478,0.9152712045609427,2.8189215538980235,0.0169949904569478,0.006159560845587977,COMPLETE
87,0.9275016470068939,2023-09-04 17:54:36.078505,2023-09-04 18:00:35.246660,0 days 00:05:59.168155,0.0,balanced,4,11,500,118.6006817817688,1.0435027281443279,0.9275016470068939,0.9212589849427332,0.925904500650759,0.9353414554271895,4.345615015152442,0.014740999469834861,0.005859018751667213,COMPLETE
88,0.9275016470068939,2023-09-04 17:55:10.037148,2023-09-04 18:00:39.973756,0 days 00:05:29.936608,0.0,balanced,4,11,500,108.96796425183614,0.9578913052876791,0.9275016470068939,0.9212589849427332,0.925904500650759,0.9353414554271895,3.727983635257569,0.053079745250886365,0.005859018751667213,COMPLETE
89,0.9275016470068939,2023-09-04 17:55:23.478242,2023-09-04 18:00:52.931339,0 days 00:05:29.453097,0.0,balanced,4,11,500,108.82000954945882,0.9431729316711426,0.9275016470068939,0.9212589849427332,0.925904500650759,0.9353414554271895,3.487285479372155,0.008011406691385796,0.005859018751667213,COMPLETE
90,0.9275016470068939,2023-09-04 17:55:27.041896,2023-09-04 18:01:30.366042,0 days 00:06:03.324146,0.0,balanced,4,11,500,119.95614870389302,1.0977084636688232,0.9275016470068939,0.9212589849427332,0.925904500650759,0.9353414554271895,7.02841073371183,0.06407902597939694,0.005859018751667213,COMPLETE
91,0.9275016470068939,2023-09-04 17:56:32.983865,2023-09-04 18:02:04.245822,0 days 00:05:31.261957,0.0,balanced,4,11,500,109.41178854306538,0.9498368899027506,0.9275016470068939,0.9212589849427332,0.925904500650759,0.9353414554271895,2.997766686097272,0.004313574327507339,0.005859018751667213,COMPLETE
92,0.9275016470068939,2023-09-04 17:56:46.728509,2023-09-04 18:02:17.556589,0 days 00:05:30.828080,0.0,balanced,4,11,500,109.27097686131795,0.9445303281148275,0.9275016470068939,0.9212589849427332,0.925904500650759,0.9353414554271895,3.7399274908191993,0.011070195136622355,0.005859018751667213,COMPLETE
93,0.9266382857126833,2023-09-04 17:59:44.022448,2023-09-04 18:05:36.913910,0 days 00:05:52.891462,0.0,balanced,4,21,500,116.43887241681416,1.1199170748392742,0.9266382857126833,0.9207617964545552,0.9232896011880285,0.9358634594954661,0.7509811969483839,0.06527291727255966,0.006604307820634965,COMPLETE
94,0.9266382857126833,2023-09-04 17:59:50.128049,2023-09-04 18:05:41.702395,0 days 00:05:51.574346,0.0,balanced,4,21,500,116.06076900164287,1.058318058649699,0.9266382857126833,0.9207617964545552,0.9232896011880285,0.9358634594954661,0.9476041740448358,0.01810608729419937,0.006604307820634965,COMPLETE
95,0.9268526382132021,2023-09-04 18:00:35.253667,2023-09-04 18:07:43.336103,0 days 00:07:08.082436,0.0,balanced,5,21,500,141.50806919733682,1.1130518118540447,0.9268526382132021,0.9206147030661168,0.9239559125285579,0.9359872990449315,2.5651983778977754,0.1154947040775937,0.006601638258847837,COMPLETE
96,0.9268526382132021,2023-09-04 18:00:39.980281,2023-09-04 18:06:58.974619,0 days 00:06:18.994338,0.0,balanced,5,21,500,125.36745683352153,0.9034733772277832,0.9268526382132021,0.9206147030661168,0.9239559125285579,0.9359872990449315,2.6495580194319857,0.018224389712751258,0.006601638258847837,COMPLETE
97,0.9268526382132021,2023-09-04 18:00:52.938340,2023-09-04 18:07:16.370389,0 days 00:06:23.432049,0.0,balanced,5,21,500,126.6832811832428,1.067041238149007,0.9268526382132021,0.9206147030661168,0.9239559125285579,0.9359872990449315,3.281630299033165,0.24074596635011014,0.006601638258847837,COMPLETE
98,0.9266382857126833,2023-09-04 18:01:30.394564,2023-09-04 18:07:20.781382,0 days 00:05:50.386818,0.0,balanced,4,21,500,115.72444295883179,1.0086472034454346,0.9266382857126833,0.9207617964545552,0.9232896011880285,0.9358634594954661,3.6819486804374293,0.05968219843636819,0.006604307820634965,COMPLETE
99,0.9268526382132021,2023-09-04 18:02:04.251818,2023-09-04 18:08:29.311526,0 days 00:06:25.059708,0.0,balanced,5,21,500,127.36170729001363,0.9380106131235758,0.9268526382132021,0.9206147030661168,0.9239559125285579,0.9359872990449315,4.6084507059427375,0.029760974725189876,0.006601638258847837,COMPLETE
100,0.9268526382132021,2023-09-04 18:02:17.562590,2023-09-04 18:08:41.449469,0 days 00:06:23.886879,0.0,balanced,5,21,500,126.9691739877065,0.9373146692911783,0.9268526382132021,0.9206147030661168,0.9239559125285579,0.9359872990449315,4.769438872676574,0.051778139352927,0.006601638258847837,COMPLETE
101,0.9268526382132021,2023-09-04 18:05:36.925895,2023-09-04 18:12:38.762665,0 days 00:07:01.836770,0.0,balanced,5,21,500,139.54122893015543,1.01333483060201,0.9268526382132021,0.9206147030661168,0.9239559125285579,0.9359872990449315,2.490286122487789,0.020484124986553692,0.006601638258847837,COMPLETE
102,0.927075066147291,2023-09-04 18:05:41.707395,2023-09-04 18:13:09.018938,0 days 00:07:27.311543,0.0,balanced,5,11,500,147.93492857615152,1.1015589237213135,0.927075066147291,0.9203269429738911,0.9257785468629988,0.9351197086049831,1.782785165004497,0.06537635001335247,0.0061083113020981685,COMPLETE
103,0.9275016470068939,2023-09-04 18:06:58.985614,2023-09-04 18:12:35.129301,0 days 00:05:36.143687,0.0,balanced,4,11,500,111.02456108729045,0.9684641361236572,0.9275016470068939,0.9212589849427332,0.925904500650759,0.9353414554271895,0.977909461178915,0.015825977537327618,0.005859018751667213,COMPLETE
104,0.9275016470068939,2023-09-04 18:07:16.381388,2023-09-04 18:12:51.564256,0 days 00:05:35.182868,0.0,balanced,4,11,500,110.67642760276794,0.9543112913767496,0.9275016470068939,0.9212589849427332,0.925904500650759,0.9353414554271895,0.9087278570431587,0.047453630453724395,0.005859018751667213,COMPLETE
105,0.9275016470068939,2023-09-04 18:07:20.787383,2023-09-04 18:13:27.768516,0 days 00:06:06.981133,0.0,balanced,4,11,500,121.21218530337016,1.0575029850006104,0.9275016470068939,0.9212589849427332,0.925904500650759,0.9353414554271895,1.5788192789196944,0.0018424975555296071,0.005859018751667213,COMPLETE
106,0.9275016470068939,2023-09-04 18:07:43.343118,2023-09-04 18:13:48.554750,0 days 00:06:05.211632,0.0,balanced,4,11,500,120.62263011932373,1.046225627263387,0.9275016470068939,0.9212589849427332,0.925904500650759,0.9353414554271895,2.734240437066921,0.017998586167326636,0.005859018751667213,COMPLETE
107,0.9273879474773268,2023-09-04 18:08:29.318525,2023-09-04 18:12:57.072191,0 days 00:04:27.753666,0.0,balanced,4,11,400,88.35874652862549,0.8394524256388346,0.9273879474773268,0.9211876418174041,0.9258565773480225,0.9351196232665536,0.5672431508714894,0.05595853229044017,0.005789867449810092,COMPLETE
108,0.9275016470068939,2023-09-04 18:08:41.457468,2023-09-04 18:14:13.828085,0 days 00:05:32.370617,0.0,balanced,4,11,500,109.56194551785786,1.0668865044911702,0.9275016470068939,0.9212589849427332,0.925904500650759,0.9353414554271895,2.233139870072546,0.11880624176692096,0.005859018751667213,COMPLETE
109,0.9275016470068939,2023-09-04 18:12:35.135301,2023-09-04 18:18:04.882488,0 days 00:05:29.747187,0.0,balanced,4,11,500,108.89870397249858,0.9611822764078776,0.9275016470068939,0.9212589849427332,0.925904500650759,0.9353414554271895,2.2511366430028725,0.002276646118652657,0.005859018751667213,COMPLETE
110,0.9275016470068939,2023-09-04 18:12:38.769670,2023-09-04 18:18:37.770766,0 days 00:05:59.001096,0.0,balanced,4,11,500,118.5600106716156,1.048662821451823,0.9275016470068939,0.9212589849427332,0.925904500650759,0.9353414554271895,2.8870531301009,0.05618589464609934,0.005859018751667213,COMPLETE
111,0.9275016470068939,2023-09-04 18:12:51.570258,2023-09-04 18:18:20.065729,0 days 00:05:28.495471,0.0,balanced,4,11,500,108.51312526067098,0.9298450152079264,0.9275016470068939,0.9212589849427332,0.925904500650759,0.9353414554271895,1.9087770177927312,0.03918750076720201,0.005859018751667213,COMPLETE
112,0.9275016470068939,2023-09-04 18:12:57.081194,2023-09-04 18:18:27.685435,0 days 00:05:30.604241,0.0,balanced,4,11,500,109.16488305727641,0.9836817582448324,0.9275016470068939,0.9212589849427332,0.925904500650759,0.9353414554271895,1.6934272624023603,0.09012411031591186,0.005859018751667213,COMPLETE
113,0.9273570800793153,2023-09-04 18:13:09.027948,2023-09-04 18:16:47.421081,0 days 00:03:38.393133,0.0,balanced,4,11,300,72.07230456670125,0.6468792756398519,0.9273570800793153,0.9211734178168492,0.925821099567322,0.9350767228537746,3.123276311632814,0.018931307961050126,0.005778979139223245,COMPLETE
114,0.9273570800793153,2023-09-04 18:13:27.779518,2023-09-04 18:17:05.808645,0 days 00:03:38.029127,0.0,balanced,4,11,300,71.97599220275879,0.6370219389597574,0.9273570800793153,0.9211734178168492,0.925821099567322,0.9350767228537746,2.425094218061113,0.015515147091737418,0.005778979139223245,COMPLETE
115,0.9275016470068939,2023-09-04 18:13:48.568755,2023-09-04 18:19:46.834176,0 days 00:05:58.265421,0.0,balanced,4,11,500,118.30776484807332,1.0470152695973713,0.9275016470068939,0.9212589849427332,0.925904500650759,0.9353414554271895,2.0497036854266804,0.03601673145339193,0.005859018751667213,COMPLETE
116,0.9273570800793153,2023-09-04 18:14:13.837083,2023-09-04 18:17:32.182774,0 days 00:03:18.345691,0.0,balanced,4,11,300,65.4376471042633,0.6012223561604818,0.9273570800793153,0.9211734178168492,0.925821099567322,0.9350767228537746,1.7791454846925157,0.059968330465762096,0.005778979139223245,COMPLETE
117,0.9275016470068939,2023-09-04 18:16:47.459079,2023-09-04 18:22:41.665538,0 days 00:05:54.206459,0.0,balanced,4,11,500,116.96247442563374,1.0323280493418376,0.9275016470068939,0.9212589849427332,0.925904500650759,0.9353414554271895,3.121037841372938,0.041301282013534106,0.005859018751667213,COMPLETE
118,0.9275016470068939,2023-09-04 18:17:05.816643,2023-09-04 18:23:02.756602,0 days 00:05:56.939959,0.0,balanced,4,11,500,117.79822953542073,1.123072624206543,0.9275016470068939,0.9212589849427332,0.925904500650759,0.9353414554271895,4.780990961423465,0.017325573281776224,0.005859018751667213,COMPLETE
119,0.9275016470068939,2023-09-04 18:17:32.188772,2023-09-04 18:22:58.183304,0 days 00:05:25.994532,0.0,balanced,4,11,500,107.68800417582194,0.919147253036499,0.9275016470068939,0.9212589849427332,0.925904500650759,0.9353414554271895,2.550181860677163,0.0033820335061058317,0.005859018751667213,COMPLETE
120,0.9275016470068939,2023-09-04 18:18:04.896483,2023-09-04 18:23:32.474329,0 days 00:05:27.577846,0.0,balanced,4,11,500,108.15622886021931,0.9763557116190592,0.9275016470068939,0.9212589849427332,0.925904500650759,0.9353414554271895,3.6671505236982385,0.00803975456376414,0.005859018751667213,COMPLETE
121,0.9275016470068939,2023-09-04 18:18:20.077729,2023-09-04 18:23:46.656431,0 days 00:05:26.578702,0.0,balanced,4,11,500,107.85872316360474,0.9436612129211426,0.9275016470068939,0.9212589849427332,0.925904500650759,0.9353414554271895,2.8220680546530765,0.03743233931230531,0.005859018751667213,COMPLETE
122,0.9275016470068939,2023-09-04 18:18:27.705436,2023-09-04 18:23:53.984182,0 days 00:05:26.278746,0.0,balanced,4,11,500,107.6606780687968,1.040547291437785,0.9275016470068939,0.9212589849427332,0.925904500650759,0.9353414554271895,3.151726300131027,0.12894970883718918,0.005859018751667213,COMPLETE
123,0.9275016470068939,2023-09-04 18:18:37.776767,2023-09-04 18:24:32.135924,0 days 00:05:54.359157,0.0,balanced,4,11,500,117.00549944241841,1.0445249875386555,0.9275016470068939,0.9212589849427332,0.925904500650759,0.9353414554271895,3.489189663505591,0.05864998092124595,0.005859018751667213,COMPLETE
124,0.9275016470068939,2023-09-04 18:19:46.840177,2023-09-04 18:25:42.242752,0 days 00:05:55.402575,0.0,balanced,4,11,500,117.01855754852295,1.3889434337615967,0.9275016470068939,0.9212589849427332,0.925904500650759,0.9353414554271895,3.0324310731422814,0.38043287830750233,0.005859018751667213,COMPLETE
125,0.9270232892559577,2023-09-04 18:22:41.672539,2023-09-04 18:27:17.216216,0 days 00:04:35.543677,0.0,balanced,3,11,500,90.43791278203328,1.3449555238087971,0.9270232892559577,0.9205100495212634,0.925590412272785,0.9349694059738247,3.0150845209545367,0.22555842145214566,0.005989329377720371,COMPLETE
126,0.9216766491457409,2023-09-04 18:22:58.190302,2023-09-04 18:27:38.822524,0 days 00:04:40.632222,0.0,balanced,3,1,500,92.36024125417073,1.1174667676289876,0.9216766491457409,0.9118760400117585,0.9221038538849127,0.9310500535405515,2.2598031771290543,0.05761592057835379,0.007833584816564397,COMPLETE
127,0.9216766491457409,2023-09-04 18:23:02.765605,2023-09-04 18:28:06.413531,0 days 00:05:03.647926,0.0,balanced,3,1,500,99.9533273379008,1.1752875645955403,0.9216766491457409,0.9118760400117585,0.9221038538849127,0.9310500535405515,2.564377347192978,0.03217619123316497,0.007833584816564397,COMPLETE
128,0.9275016470068939,2023-09-04 18:23:32.481331,2023-09-04 18:29:04.744557,0 days 00:05:32.263226,0.0,balanced,4,11,500,109.66376860936482,1.028605620066325,0.9275016470068939,0.9212589849427332,0.925904500650759,0.9353414554271895,3.8604373060212653,0.019441814309566367,0.005859018751667213,COMPLETE
129,0.9275016470068939,2023-09-04 18:23:46.668955,2023-09-04 18:29:20.579667,0 days 00:05:33.910712,0.0,balanced,4,11,500,110.22900128364563,1.0213852723439534,0.9275016470068939,0.9212589849427332,0.925904500650759,0.9353414554271895,3.461470827728133,0.02101411099031729,0.005859018751667213,COMPLETE
130,0.9275016470068939,2023-09-04 18:23:53.992181,2023-09-04 18:29:26.759239,0 days 00:05:32.767058,0.0,balanced,4,11,500,109.75508133570354,1.106242259343465,0.9275016470068939,0.9212589849427332,0.925904500650759,0.9353414554271895,3.6490449778787526,0.10034378055459987,0.005859018751667213,COMPLETE
131,0.9275016470068939,2023-09-04 18:24:32.143929,2023-09-04 18:30:31.475787,0 days 00:05:59.331858,0.0,balanced,4,11,500,118.64617768923442,1.0664879480997722,0.9275016470068939,0.9212589849427332,0.925904500650759,0.9353414554271895,3.928735862806513,0.023242628126001162,0.005859018751667213,COMPLETE
132,0.9225427900784994,2023-09-04 18:25:42.253748,2023-09-04 18:32:21.225868,0 days 00:06:38.972120,0.0,balanced,4,1,500,131.6431074142456,1.27022918065389,0.9225427900784994,0.9121084656413299,0.9231882760234497,0.9323316285707187,3.025107568634515,0.16464208190048926,0.008268678604468721,COMPLETE
133,0.9225427900784994,2023-09-04 18:27:17.230226,2023-09-04 18:34:01.457555,0 days 00:06:44.227329,0.0,balanced,4,1,500,133.0349984963735,1.6399119695027669,0.9225427900784994,0.9121084656413299,0.9231882760234497,0.9323316285707187,4.188418304993198,0.4178366523589494,0.008268678604468721,COMPLETE
134,0.9275016470068939,2023-09-04 18:27:38.828526,2023-09-04 18:33:11.504912,0 days 00:05:32.676386,0.0,balanced,4,11,500,109.56095790863037,1.2714837392171223,0.9275016470068939,0.9212589849427332,0.925904500650759,0.9353414554271895,2.0592365886446977,0.38080030252393443,0.005859018751667213,COMPLETE
135,0.9275016470068939,2023-09-04 18:28:06.421529,2023-09-04 18:34:14.692267,0 days 00:06:08.270738,0.0,balanced,4,11,500,121.29474512736003,1.3941415150960286,0.9275016470068939,0.9212589849427332,0.925904500650759,0.9353414554271895,3.719726021657631,0.24722142188100438,0.005859018751667213,COMPLETE
136,0.9275016470068939,2023-09-04 18:29:04.754568,2023-09-04 18:34:43.554700,0 days 00:05:38.800132,0.0,balanced,4,11,500,111.8561536471049,1.0098743438720703,0.9275016470068939,0.9212589849427332,0.925904500650759,0.9353414554271895,5.584912972170365,0.03704527016380572,0.005859018751667213,COMPLETE
137,0.9275016470068939,2023-09-04 18:29:20.586669,2023-09-04 18:34:58.406512,0 days 00:05:37.819843,0.0,balanced,4,11,500,111.58892877896626,0.9568352699279785,0.9275016470068939,0.9212589849427332,0.925904500650759,0.9353414554271895,6.001358140558563,0.030077660940026382,0.005859018751667213,COMPLETE
138,0.9275016470068939,2023-09-04 18:29:26.769253,2023-09-04 18:35:04.196109,0 days 00:05:37.426856,0.0,balanced,4,11,500,111.39171473185222,1.0142078399658203,0.9275016470068939,0.9212589849427332,0.925904500650759,0.9353414554271895,6.370004990253169,0.052427417549960796,0.005859018751667213,COMPLETE
139,0.9275016470068939,2023-09-04 18:30:31.485802,2023-09-04 18:36:42.435502,0 days 00:06:10.949700,0.0,balanced,4,11,500,122.43013620376587,1.153913180033366,0.9275016470068939,0.9212589849427332,0.925904500650759,0.9353414554271895,4.35925246227009,0.12249651045095687,0.005859018751667213,COMPLETE
140,0.9275016470068939,2023-09-04 18:32:21.233867,2023-09-04 18:38:33.004121,0 days 00:06:11.770254,0.0,balanced,4,11,500,122.76680024464925,1.0899299780527751,0.9275016470068939,0.9212589849427332,0.925904500650759,0.9353414554271895,0.8853353857421525,0.0705892563960233,0.005859018751667213,COMPLETE
141,0.9275016470068939,2023-09-04 18:33:11.510914,2023-09-04 18:38:50.518304,0 days 00:05:39.007390,0.0,balanced,4,11,500,111.92710296312968,0.997156540552775,0.9275016470068939,0.9212589849427332,0.925904500650759,0.9353414554271895,2.689845696658239,0.08259416379509732,0.005859018751667213,COMPLETE
142,0.9066063690449924,2023-09-04 18:34:01.464569,2023-09-04 18:40:10.316296,0 days 00:06:08.851727,0.01,balanced,4,11,500,122.12545228004456,0.7597686449686686,0.9066063690449924,0.9030490343966865,0.9014988681773478,0.9152712045609427,0.6557722938839101,0.03369869746054435,0.006159560845587977,COMPLETE
143,0.9275016470068939,2023-09-04 18:34:14.706268,2023-09-04 18:40:21.901628,0 days 00:06:07.195360,0.0,balanced,4,11,500,121.22402922312419,1.0681601365407307,0.9275016470068939,0.9212589849427332,0.925904500650759,0.9353414554271895,1.2806938253951345,0.054704874046047784,0.005859018751667213,COMPLETE
144,0.9275016470068939,2023-09-04 18:34:43.566704,2023-09-04 18:40:13.907058,0 days 00:05:30.340354,0.0,balanced,4,11,500,109.06873925526936,0.9730187257130941,0.9275016470068939,0.9212589849427332,0.925904500650759,0.9353414554271895,2.6819955704562237,0.07084683169370057,0.005859018751667213,COMPLETE
145,0.9275016470068939,2023-09-04 18:34:58.418507,2023-09-04 18:40:30.701428,0 days 00:05:32.282921,0.0,balanced,4,11,500,109.56210295359294,1.1335070927937825,0.9275016470068939,0.9212589849427332,0.925904500650759,0.9353414554271895,2.2916226267179685,0.2662066452201028,0.005859018751667213,COMPLETE
146,0.9275016470068939,2023-09-04 18:35:04.202635,2023-09-04 18:40:35.387425,0 days 00:05:31.184790,0.0,balanced,4,11,500,109.37123322486877,0.9591846466064453,0.9275016470068939,0.9212589849427332,0.925904500650759,0.9353414554271895,2.717957816145347,0.03054476790785777,0.005859018751667213,COMPLETE
147,0.9276612773140168,2023-09-04 18:36:42.442499,2023-09-04 18:44:04.255241,0 days 00:07:21.812742,0.0,,4,11,500,146.069362560908,1.1211973826090496,0.9276612773140168,0.9207905094957834,0.9262583807939907,0.9359349416522765,18.43421663727648,0.08708088845185154,0.006261764677792867,COMPLETE
148,0.9275016470068939,2023-09-04 18:38:33.015123,2023-09-04 18:45:15.707575,0 days 00:06:42.692452,0.0,balanced,4,11,500,132.96388943990073,1.19124436378479,0.9275016470068939,0.9212589849427332,0.925904500650759,0.9353414554271895,12.139143734691974,0.07973319587043,0.005859018751667213,COMPLETE
149,0.9275016470068939,2023-09-04 18:38:50.530305,2023-09-04 18:44:42.490350,0 days 00:05:51.960045,0.0,balanced,4,11,500,116.30363607406616,0.960009495417277,0.9275016470068939,0.9212589849427332,0.925904500650759,0.9353414554271895,7.970001216108868,0.044068795678575266,0.005859018751667213,COMPLETE
150,0.9275016470068939,2023-09-04 18:40:10.325318,2023-09-04 18:47:04.639767,0 days 00:06:54.314449,0.0,balanced,4,11,500,136.86189238230386,1.1775644620259602,0.9275016470068939,0.9212589849427332,0.925904500650759,0.9353414554271895,5.566598465451928,0.1389481213257954,0.005859018751667213,COMPLETE
151,0.9275016470068939,2023-09-04 18:40:13.912578,2023-09-04 18:46:13.072219,0 days 00:05:59.159641,0.0,balanced,4,11,500,118.63978862762451,1.0165790716807048,0.9275016470068939,0.9212589849427332,0.925904500650759,0.9353414554271895,4.112243712442884,0.11346355253798839,0.005859018751667213,COMPLETE
152,0.9276612773140168,2023-09-04 18:40:21.907676,2023-09-04 18:47:58.446443,0 days 00:07:36.538767,0.0,,4,11,500,150.89565896987915,1.2152658303578694,0.9276612773140168,0.9207905094957834,0.9262583807939907,0.9359349416522765,3.247793964701131,0.1047824284815154,0.006261764677792867,COMPLETE
153,0.9276612773140168,2023-09-04 18:40:30.707424,2023-09-04 18:47:13.328380,0 days 00:06:42.620956,0.0,,4,11,500,133.15541005134583,0.9898858865102133,0.9276612773140168,0.9207905094957834,0.9262583807939907,0.9359349416522765,2.979916070071747,0.03186938654714227,0.006261764677792867,COMPLETE
154,0.9276612773140168,2023-09-04 18:40:35.393429,2023-09-04 18:47:18.026544,0 days 00:06:42.633115,0.0,,4,11,500,133.08636593818665,1.0709792772928874,0.9276612773140168,0.9207905094957834,0.9262583807939907,0.9359349416522765,0.3949504112281312,0.054150522012836065,0.006261764677792867,COMPLETE
155,0.9276612773140168,2023-09-04 18:44:04.275256,2023-09-04 18:51:18.124679,0 days 00:07:13.849423,0.0,,4,11,500,143.41707062721252,1.1025300820668538,0.9276612773140168,0.9207905094957834,0.9262583807939907,0.9359349416522765,5.371444339791656,0.07362973162975767,0.006261764677792867,COMPLETE
156,0.9276612773140168,2023-09-04 18:44:42.498350,2023-09-04 18:51:09.786469,0 days 00:06:27.288119,0.0,,4,11,500,128.09952672322592,0.9321680863698324,0.9276612773140168,0.9207905094957834,0.9262583807939907,0.9359349416522765,1.4587293639919654,0.016147771118961318,0.006261764677792867,COMPLETE
157,0.9276612773140168,2023-09-04 18:45:15.716103,2023-09-04 18:52:23.385634,0 days 00:07:07.669531,0.0,,4,11,500,141.48383196194968,0.992318868637085,0.9276612773140168,0.9207905094957834,0.9262583807939907,0.9359349416522765,1.7277879983629811,0.02070799253988604,0.006261764677792867,COMPLETE
158,0.9276612773140168,2023-09-04 18:46:13.085222,2023-09-04 18:52:29.107930,0 days 00:06:16.022708,0.0,,4,11,500,124.31384189923604,0.9560402234395345,0.9276612773140168,0.9207905094957834,0.9262583807939907,0.9359349416522765,3.6620315385896856,0.028454547449811834,0.006261764677792867,COMPLETE
159,0.9276612773140168,2023-09-04 18:47:04.647769,2023-09-04 18:54:03.616912,0 days 00:06:58.969143,0.0,,4,11,500,138.45102922121683,1.1463889280954997,0.9276612773140168,0.9207905094957834,0.9262583807939907,0.9359349416522765,6.512945186022327,0.13386579843951704,0.006261764677792867,COMPLETE
160,0.9276612773140168,2023-09-04 18:47:13.334374,2023-09-04 18:53:29.449582,0 days 00:06:16.115208,0.0,,4,11,500,124.10078930854797,1.1924134890238445,0.9276612773140168,0.9207905094957834,0.9262583807939907,0.9359349416522765,1.0220794985108963,0.22341945035613164,0.006261764677792867,COMPLETE
161,0.9276612773140168,2023-09-04 18:47:18.048554,2023-09-04 18:53:34.166485,0 days 00:06:16.117931,0.0,,4,11,500,124.16204722722371,1.152901331583659,0.9276612773140168,0.9207905094957834,0.9262583807939907,0.9359349416522765,2.003269071861514,0.1702935318200756,0.006261764677792867,COMPLETE
162,0.9276612773140168,2023-09-04 18:47:58.453439,2023-09-04 18:54:55.463620,0 days 00:06:57.010181,0.0,,4,11,500,137.86985603968301,1.069512923558553,0.9276612773140168,0.9207905094957834,0.9262583807939907,0.9359349416522765,2.048971707363331,0.07304343935374454,0.006261764677792867,COMPLETE
163,0.9276612773140168,2023-09-04 18:51:09.803466,2023-09-04 18:57:07.211180,0 days 00:05:57.407714,0.0,,4,11,500,118.1527890364329,0.9050862789154053,0.9276612773140168,0.9207905094957834,0.9262583807939907,0.9359349416522765,2.1137086304434374,0.021976894513626746,0.006261764677792867,COMPLETE
164,0.9276612773140168,2023-09-04 18:51:18.142224,2023-09-04 18:57:53.329140,0 days 00:06:35.186916,0.0,,4,11,500,130.64630651474,1.0124869346618652,0.9276612773140168,0.9207905094957834,0.9262583807939907,0.9359349416522765,2.0287971372363613,0.006565869016578597,0.006261764677792867,COMPLETE
165,0.9276612773140168,2023-09-04 18:52:23.394633,2023-09-04 18:58:55.469355,0 days 00:06:32.074722,0.0,,4,11,500,129.56322566668192,1.0663302739461262,0.9276612773140168,0.9207905094957834,0.9262583807939907,0.9359349416522765,1.3048813266442458,0.10939744906044158,0.006261764677792867,COMPLETE
166,0.9276612773140168,2023-09-04 18:52:29.117932,2023-09-04 18:58:24.393147,0 days 00:05:55.275215,0.0,,4,11,500,117.46639402707417,0.905983050664266,0.9276612773140168,0.9207905094957834,0.9262583807939907,0.9359349416522765,0.6557128950561443,0.010738667925190027,0.006261764677792867,COMPLETE
167,0.9276612773140168,2023-09-04 18:53:29.455583,2023-09-04 18:59:23.912197,0 days 00:05:54.456614,0.0,,4,11,500,117.16035556793213,0.9268294175465902,0.9276612773140168,0.9207905094957834,0.9262583807939907,0.9359349416522765,2.1870036458462074,0.022195527530182273,0.006261764677792867,COMPLETE
168,0.9276612773140168,2023-09-04 18:53:34.176501,2023-09-04 18:59:26.206486,0 days 00:05:52.029985,0.0,,4,11,500,116.3526321252187,0.918337345123291,0.9276612773140168,0.9207905094957834,0.9262583807939907,0.9359349416522765,2.57582754842145,0.010972121285378755,0.006261764677792867,COMPLETE
169,0.9276612773140168,2023-09-04 18:54:03.624911,2023-09-04 19:00:27.900170,0 days 00:06:24.275259,0.0,,4,11,500,126.98841842015584,1.0373095671335857,0.9276612773140168,0.9207905094957834,0.9262583807939907,0.9359349416522765,4.1316430858067505,0.037593171256256025,0.006261764677792867,COMPLETE
170,0.9276612773140168,2023-09-04 18:54:55.479626,2023-09-04 19:01:22.137688,0 days 00:06:26.658062,0.0,,4,11,500,127.78779935836792,1.0276850859324138,0.9276612773140168,0.9207905094957834,0.9262583807939907,0.9359349416522765,4.6324164702263,0.05255387338132175,0.006261764677792867,COMPLETE
171,0.9276612773140168,2023-09-04 18:57:07.220181,2023-09-04 19:02:55.525741,0 days 00:05:48.305560,0.0,,4,11,500,115.10931428273518,0.9328408241271973,0.9276612773140168,0.9207905094957834,0.9262583807939907,0.9359349416522765,3.052108022054342,0.04741174486777068,0.006261764677792867,COMPLETE
172,0.9276612773140168,2023-09-04 18:57:53.341141,2023-09-04 19:04:29.524256,0 days 00:06:36.183115,0.0,,4,11,500,130.66820534070334,1.3324795564015706,0.9276612773140168,0.9207905094957834,0.9262583807939907,0.9359349416522765,6.859680646451943,0.38524084855021723,0.006261764677792867,COMPLETE
173,0.9276612773140168,2023-09-04 18:58:24.400146,2023-09-04 19:04:18.708494,0 days 00:05:54.308348,0.0,,4,11,500,116.79358688990276,1.2511489391326904,0.9276612773140168,0.9207905094957834,0.9262583807939907,0.9359349416522765,3.139397025511611,0.501182925539467,0.006261764677792867,COMPLETE
174,0.8849734792509819,2023-09-04 18:58:55.477366,2023-09-04 19:06:06.128086,0 days 00:07:10.650720,0.0075,,4,11,500,142.73313538233438,0.7507449785868326,0.8849734792509819,0.8809252865162855,0.8780622815795507,0.8959328696571093,24.295380586143708,0.08759557737088114,0.007837107369107588,COMPLETE
175,0.9276612773140168,2023-09-04 18:59:23.920199,2023-09-04 19:05:39.109729,0 days 00:06:15.189530,0.0,,4,11,500,123.9421112537384,1.0628853638966878,0.9276612773140168,0.9207905094957834,0.9262583807939907,0.9359349416522765,13.933645621063139,0.20179621211105145,0.006261764677792867,COMPLETE
176,0.8919396380549798,2023-09-04 18:59:26.216484,2023-09-04 19:05:40.851078,0 days 00:06:14.634594,0.005,,4,11,500,123.58249616622925,1.2435270150502522,0.8919396380549798,0.8868358411589881,0.8856538400082064,0.9033292329977448,13.897911394864886,0.8312945969735548,0.008068103304590124,COMPLETE
177,0.9276612773140168,2023-09-04 19:00:27.907177,2023-09-04 19:08:08.948394,0 days 00:07:41.041217,0.0,,4,11,500,152.39061005910239,1.2169310251871746,0.9276612773140168,0.9207905094957834,0.9262583807939907,0.9359349416522765,22.752321067022617,0.23303048004547336,0.006261764677792867,COMPLETE
178,0.9276612773140168,2023-09-04 19:01:22.143688,2023-09-04 19:09:10.145725,0 days 00:07:48.002037,0.0,,4,11,500,154.49599949518839,1.4373245239257812,0.9276612773140168,0.9207905094957834,0.9262583807939907,0.9359349416522765,21.82402560866165,0.4256850647912351,0.006261764677792867,COMPLETE
179,0.9276612773140168,2023-09-04 19:02:55.535739,2023-09-04 19:09:39.127620,0 days 00:06:43.591881,0.0,,4,11,500,133.26369261741638,1.1908965905507405,0.9276612773140168,0.9207905094957834,0.9262583807939907,0.9359349416522765,6.694011546693525,0.22073988581278686,0.006261764677792867,COMPLETE
180,0.9276612773140168,2023-09-04 19:04:18.721495,2023-09-04 19:11:04.849422,0 days 00:06:46.127927,0.0,,4,11,500,133.963254292806,1.2019813060760498,0.9276612773140168,0.9207905094957834,0.9262583807939907,0.9359349416522765,8.880663228527398,0.19405157246147325,0.006261764677792867,COMPLETE
181,0.9276612773140168,2023-09-04 19:04:29.534256,2023-09-04 19:12:06.974450,0 days 00:07:37.440194,0.0,,4,11,500,151.28300833702087,1.0921764373779297,0.9276612773140168,0.9207905094957834,0.9262583807939907,0.9359349416522765,21.410218786539225,0.10764758063086215,0.006261764677792867,COMPLETE
182,0.9276612773140168,2023-09-04 19:05:39.179273,2023-09-04 19:12:03.729335,0 days 00:06:24.550062,0.0,,4,11,500,126.80937989552815,1.2707626819610596,0.9276612773140168,0.9207905094957834,0.9262583807939907,0.9359349416522765,4.224014798808625,0.25157176941976794,0.006261764677792867,COMPLETE
183,0.9276612773140168,2023-09-04 19:05:40.863092,2023-09-04 19:12:03.073299,0 days 00:06:22.210207,0.0,,4,11,500,125.69518502553304,1.6163432598114014,0.9276612773140168,0.9207905094957834,0.9262583807939907,0.9359349416522765,4.311669858098293,0.3823264879522002,0.006261764677792867,COMPLETE
184,0.9276612773140168,2023-09-04 19:06:06.135086,2023-09-04 19:13:09.479099,0 days 00:07:03.344013,0.0,,4,11,500,139.89503701527914,1.1179271539052327,0.9276612773140168,0.9207905094957834,0.9262583807939907,0.9359349416522765,13.761264380529711,0.08425896864496925,0.006261764677792867,COMPLETE
185,0.9276612773140168,2023-09-04 19:08:08.964396,2023-09-04 19:14:42.828262,0 days 00:06:33.863866,0.0,,4,11,500,130.22130473454794,0.9929617245992025,0.9276612773140168,0.9207905094957834,0.9262583807939907,0.9359349416522765,0.7118718176373268,0.032777864999474285,0.006261764677792867,COMPLETE
186,0.9276612773140168,2023-09-04 19:09:10.154728,2023-09-04 19:15:32.905976,0 days 00:06:22.751248,0.0,,4,11,500,126.52622143427531,0.9944875240325928,0.9276612773140168,0.9207905094957834,0.9262583807939907,0.9359349416522765,2.1146556758998463,0.01499171657789459,0.006261764677792867,COMPLETE
187,0.9276612773140168,2023-09-04 19:09:39.133617,2023-09-04 19:15:35.647169,0 days 00:05:56.513552,0.0,,4,11,500,117.87018744150798,0.912812868754069,0.9276612773140168,0.9207905094957834,0.9262583807939907,0.9359349416522765,1.9000576876331954,0.02907075630271824,0.006261764677792867,COMPLETE
188,0.9276612773140168,2023-09-04 19:11:04.857419,2023-09-04 19:16:59.707213,0 days 00:05:54.849794,0.0,,4,11,500,117.26257101694743,0.9608465035756429,0.9276612773140168,0.9207905094957834,0.9262583807939907,0.9359349416522765,4.546377510590209,0.06438850048310328,0.006261764677792867,COMPLETE
189,0.9276612773140168,2023-09-04 19:12:03.084298,2023-09-04 19:18:06.945173,0 days 00:06:03.860875,0.0,,4,11,500,120.21005487442017,1.014543851216634,0.9276612773140168,0.9207905094957834,0.9262583807939907,0.9359349416522765,7.974601623089532,0.1861812214924975,0.006261764677792867,COMPLETE
190,0.9276612773140168,2023-09-04 19:12:03.742348,2023-09-04 19:18:08.082622,0 days 00:06:04.340274,0.0,,4,11,500,120.04406523704529,1.3423348267873128,0.9276612773140168,0.9207905094957834,0.9262583807939907,0.9359349416522765,7.031781861368874,0.5250810206063665,0.006261764677792867,COMPLETE
191,0.9276612773140168,2023-09-04 19:12:06.982453,2023-09-04 19:19:03.009694,0 days 00:06:56.027241,0.0,,4,11,500,137.49980998039246,1.1014095942179363,0.9276612773140168,0.9207905094957834,0.9262583807939907,0.9359349416522765,18.290240034371855,0.11703103798446458,0.006261764677792867,COMPLETE
192,0.9276612773140168,2023-09-04 19:13:09.487098,2023-09-04 19:20:14.147428,0 days 00:07:04.660330,0.0,,4,11,500,140.46026182174683,1.027666966120402,0.9276612773140168,0.9207905094957834,0.9262583807939907,0.9359349416522765,15.941652969572552,0.02907193565552082,0.006261764677792867,COMPLETE
193,0.9276612773140168,2023-09-04 19:14:42.835259,2023-09-04 19:21:37.997685,0 days 00:06:55.162426,0.0,,4,11,500,137.1051705678304,1.215950647989909,0.9276612773140168,0.9207905094957834,0.9262583807939907,0.9359349416522765,17.272684242214847,0.3141632631928707,0.006261764677792867,COMPLETE
194,0.9276612773140168,2023-09-04 19:15:32.917987,2023-09-04 19:22:22.953494,0 days 00:06:50.035507,0.0,,4,11,500,135.70609625180563,0.8998719851175944,0.9276612773140168,0.9207905094957834,0.9262583807939907,0.9359349416522765,14.161507153161672,0.11421447436317678,0.006261764677792867,COMPLETE
195,0.9276612773140168,2023-09-04 19:15:35.654171,2023-09-04 19:22:01.030113,0 days 00:06:25.375942,0.0,,4,11,500,127.06893674532573,1.321686824162801,0.9276612773140168,0.9207905094957834,0.9262583807939907,0.9359349416522765,8.107314308489102,0.16961690791534642,0.006261764677792867,COMPLETE
196,0.9276612773140168,2023-09-04 19:16:59.713215,2023-09-04 19:23:07.321367,0 days 00:06:07.608152,0.0,,4,11,500,121.60568857192993,0.8571545282999674,0.9276612773140168,0.9207905094957834,0.9262583807939907,0.9359349416522765,13.443184332904309,0.14924713585250088,0.006261764677792867,COMPLETE
197,0.9276612773140168,2023-09-04 19:18:06.953173,2023-09-04 19:23:50.823563,0 days 00:05:43.870390,0.0,,4,11,500,113.57108950614929,0.9792025089263916,0.9276612773140168,0.9207905094957834,0.9262583807939907,0.9359349416522765,17.110787995203978,0.22877055214365055,0.006261764677792867,COMPLETE
198,0.9276612773140168,2023-09-04 19:18:08.095617,2023-09-04 19:23:50.537547,0 days 00:05:42.441930,0.0,,4,11,500,113.08780733744304,0.9721210797627767,0.9276612773140168,0.9207905094957834,0.9262583807939907,0.9359349416522765,16.73986068942289,0.25567578139312896,0.006261764677792867,COMPLETE
199,0.9276612773140168,2023-09-04 19:19:03.050691,2023-09-04 19:24:21.776317,0 days 00:05:18.725626,0.0,,4,11,500,105.45435325304668,0.7062068780263265,0.9276612773140168,0.9207905094957834,0.9262583807939907,0.9359349416522765,16.022811965115768,0.17186200288853032,0.006261764677792867,COMPLETE
